provider_type,type_desc,specialty_code,specialty_desc,taxonomy
01,INPATIENT FACILITY,010,ACUTE CARE HOSPITAL,273100000X
01,INPATIENT FACILITY,010,ACUTE CARE HOSPITAL,286500000X
01,INPATIENT FACILITY,019,INPATIENT DRUG & ALCOHOL HOSPITAL,284300000X
01,INPATIENT FACILITY,441,DRUG AND ALCOHOL REHAB UNIT,276400000X
01,INPATIENT FACILITY,600,COST SHARING ONLY PROVIDER,193400000X
03,EXTENDED CARE FACILITY,030,NURSING FACILITY,314000000X
03,EXTENDED CARE FACILITY,031,COUNTY NURSING FACILITY,314000000X
03,EXTENDED CARE FACILITY,037,STATE LTC UNIT,314000000X
03,EXTENDED CARE FACILITY,038,STATE MENTAL RETARDATION CENTER,314000000X
03,EXTENDED CARE FACILITY,040,CERTIFIED REHAB AGENCY,314000000X
03,EXTENDED CARE FACILITY,382,INP. FACILITY BASED LTC EXT. CARE FACILITY,314000000X
05,HOME HEALTH,025,PERSONAL EMERGENCY RESPONSE SYSTEM,333300000X
09,CERTIFIED REGISTERED NURSE PRACTITIONER,090,PEDIATRIC,193200000X
09,CERTIFIED REGISTERED NURSE PRACTITIONER,090,PEDIATRIC,193400000X
09,CERTIFIED REGISTERED NURSE PRACTITIONER,091,OBSTETRICS / GYNECOLOGY,193200000X
09,CERTIFIED REGISTERED NURSE PRACTITIONER,091,OBSTETRICS / GYNECOLOGY,193400000X
09,CERTIFIED REGISTERED NURSE PRACTITIONER,092,FAMILY HEALTH,193200000X
09,CERTIFIED REGISTERED NURSE PRACTITIONER,092,FAMILY HEALTH,193400000X
09,CERTIFIED REGISTERED NURSE PRACTITIONER,093,NURSE PRACTITIONER (PRIMARY CARE),193200000X
09,CERTIFIED REGISTERED NURSE PRACTITIONER,093,NURSE PRACTITIONER (PRIMARY CARE),193400000X
09,CERTIFIED REGISTERED NURSE PRACTITIONER,094,FAMILY HOME HEALTH,193200000X
09,CERTIFIED REGISTERED NURSE PRACTITIONER,094,FAMILY HOME HEALTH,193400000X
09,CERTIFIED REGISTERED NURSE PRACTITIONER,095,ADULT HEALTH,193200000X
09,CERTIFIED REGISTERED NURSE PRACTITIONER,095,ADULT HEALTH,193400000X
09,CERTIFIED REGISTERED NURSE PRACTITIONER,096,SCHOOL NURSE,193200000X
09,CERTIFIED REGISTERED NURSE PRACTITIONER,096,SCHOOL NURSE,193400000X
09,CERTIFIED REGISTERED NURSE PRACTITIONER,097,FAMILY PLANNING,193200000X
09,CERTIFIED REGISTERED NURSE PRACTITIONER,097,FAMILY PLANNING,193400000X
09,CERTIFIED REGISTERED NURSE PRACTITIONER,098,GERONTOLOGY,193200000X
09,CERTIFIED REGISTERED NURSE PRACTITIONER,098,GERONTOLOGY,193400000X
09,CERTIFIED REGISTERED NURSE PRACTITIONER,099,EMERGENCY,193200000X
09,CERTIFIED REGISTERED NURSE PRACTITIONER,099,EMERGENCY,193400000X
09,CERTIFIED REGISTERED NURSE PRACTITIONER,101,NEONATAL,193200000X
09,CERTIFIED REGISTERED NURSE PRACTITIONER,101,NEONATAL,193400000X
09,CERTIFIED REGISTERED NURSE PRACTITIONER,103,FAMILY AND ADULT PSYCH MENTAL HEALTH,193200000X
09,CERTIFIED REGISTERED NURSE PRACTITIONER,103,FAMILY AND ADULT PSYCH MENTAL HEALTH,193400000X
09,CERTIFIED REGISTERED NURSE PRACTITIONER,104,ADULT ACUTE CARE,193200000X
09,CERTIFIED REGISTERED NURSE PRACTITIONER,104,ADULT ACUTE CARE,193400000X
09,CERTIFIED REGISTERED NURSE PRACTITIONER,105,PEDIATRIC ACUTE CHRONIC,193200000X
09,CERTIFIED REGISTERED NURSE PRACTITIONER,105,PEDIATRIC ACUTE CHRONIC,193400000X
09,CERTIFIED REGISTERED NURSE PRACTITIONER,106,PEDIATRIC CRITICAL CARE,193200000X
09,CERTIFIED REGISTERED NURSE PRACTITIONER,106,PEDIATRIC CRITICAL CARE,193400000X
09,CERTIFIED REGISTERED NURSE PRACTITIONER,107,ADULT CARDIOPULMONARY,193200000X
09,CERTIFIED REGISTERED NURSE PRACTITIONER,107,ADULT CARDIOPULMONARY,193400000X
09,CERTIFIED REGISTERED NURSE PRACTITIONER,108,ADULT SURGICAL,193200000X
09,CERTIFIED REGISTERED NURSE PRACTITIONER,108,ADULT SURGICAL,193400000X
09,CERTIFIED REGISTERED NURSE PRACTITIONER,109,ADULT RENAL METABOLIC,193200000X
09,CERTIFIED REGISTERED NURSE PRACTITIONER,109,ADULT RENAL METABOLIC,193400000X
09,CERTIFIED REGISTERED NURSE PRACTITIONER,292,ADULT CRITICAL CARE,193200000X
09,CERTIFIED REGISTERED NURSE PRACTITIONER,292,ADULT CRITICAL CARE,193400000X
09,CERTIFIED REGISTERED NURSE PRACTITIONER,293,ADULT NEUROSCIENCE,193200000X
09,CERTIFIED REGISTERED NURSE PRACTITIONER,293,ADULT NEUROSCIENCE,193400000X
09,CERTIFIED REGISTERED NURSE PRACTITIONER,294,ADULT ONCOLOGY,193200000X
09,CERTIFIED REGISTERED NURSE PRACTITIONER,294,ADULT ONCOLOGY,193400000X
09,CERTIFIED REGISTERED NURSE PRACTITIONER,295,ADULT PERIOPERATIVE,193200000X
09,CERTIFIED REGISTERED NURSE PRACTITIONER,295,ADULT PERIOPERATIVE,193400000X
09,CERTIFIED REGISTERED NURSE PRACTITIONER,297,PEDIATRIC ONCOLOGY,193200000X
09,CERTIFIED REGISTERED NURSE PRACTITIONER,297,PEDIATRIC ONCOLOGY,193400000X
09,CERTIFIED REGISTERED NURSE PRACTITIONER,298,PERINATAL,193200000X
09,CERTIFIED REGISTERED NURSE PRACTITIONER,298,PERINATAL,193400000X
09,CERTIFIED REGISTERED NURSE PRACTITIONER,299,WOMEN'S HEALTH,193200000X
09,CERTIFIED REGISTERED NURSE PRACTITIONER,299,WOMEN'S HEALTH,193400000X
09,CERTIFIED REGISTERED NURSE PRACTITIONER,548,THERAPEUTIC STAFF SUPPORT,193200000X
09,CERTIFIED REGISTERED NURSE PRACTITIONER,548,THERAPEUTIC STAFF SUPPORT,193400000X
09,CERTIFIED REGISTERED NURSE PRACTITIONER,549,MOBILE THERAPY,193200000X
09,CERTIFIED REGISTERED NURSE PRACTITIONER,549,MOBILE THERAPY,193400000X
09,CERTIFIED REGISTERED NURSE PRACTITIONER,559,BEHAVIORAL SPECIALIST CONSULTANT,193200000X
09,CERTIFIED REGISTERED NURSE PRACTITIONER,559,BEHAVIORAL SPECIALIST CONSULTANT,193400000X
10,MID-LEVEL PRACTITIONER,141,ACUPUNCTURIST,171100000X
10,MID-LEVEL PRACTITIONER,247,PHARMACIST,183500000X
10,MID-LEVEL PRACTITIONER,600,COST SHARING ONLY PROVIDER,193400000X
11,MENTAL HEALTH / SUBSTANCE ABUSE,112,OUTPATIENT PRACTITIONER-MH,104100000X
11,MENTAL HEALTH / SUBSTANCE ABUSE,116,LICENSED CLINICAL SOCIAL WORKER,193200000X
11,MENTAL HEALTH / SUBSTANCE ABUSE,116,LICENSED CLINICAL SOCIAL WORKER,193400000X
11,MENTAL HEALTH / SUBSTANCE ABUSE,117,LICENSED SOCIAL WORKER,104100000X
11,MENTAL HEALTH / SUBSTANCE ABUSE,117,LICENSED SOCIAL WORKER,193200000X
11,MENTAL HEALTH / SUBSTANCE ABUSE,117,LICENSED SOCIAL WORKER,193400000X
11,MENTAL HEALTH / SUBSTANCE ABUSE,421,AUTISM SOCIAL WORKER,104100000X
14,PODIATRIST,140,PODIATRIST,193200000X
14,PODIATRIST,140,PODIATRIST,193400000X
15,CHIROPRACTOR,150,CHIROPRACTOR,193200000X
15,CHIROPRACTOR,150,CHIROPRACTOR,193400000X
16,NURSE,160,REGISTERED NURSE,193200000X
16,NURSE,160,REGISTERED NURSE,193400000X
16,NURSE,161,LICENSED PRACTICAL NURSE,193200000X
16,NURSE,161,LICENSED PRACTICAL NURSE,193400000X
16,NURSE,162,PSYCHIATRIC NURSE,193200000X
16,NURSE,162,PSYCHIATRIC NURSE,193400000X
17,THERAPIST,170,PHYSICAL THERAPIST,193200000X
17,THERAPIST,170,PHYSICAL THERAPIST,193400000X
17,THERAPIST,170,PHYSICAL THERAPIST,225100000X
17,THERAPIST,171,OCCUPATIONAL THERAPIST,193200000X
17,THERAPIST,171,OCCUPATIONAL THERAPIST,193400000X
17,THERAPIST,172,RESPIRATORY THERAPIST,193200000X
17,THERAPIST,172,RESPIRATORY THERAPIST,193400000X
17,THERAPIST,172,RESPIRATORY THERAPIST,227800000X
17,THERAPIST,172,RESPIRATORY THERAPIST,227900000X
17,THERAPIST,173,SPEECH/HEARING THERAPIST,193200000X
17,THERAPIST,173,SPEECH/HEARING THERAPIST,193400000X
17,THERAPIST,174,ART THERAPIST,193200000X
17,THERAPIST,174,ART THERAPIST,193400000X
17,THERAPIST,174,ART THERAPIST,221700000X
17,THERAPIST,175,MUSIC THERAPIST,193200000X
17,THERAPIST,175,MUSIC THERAPIST,193400000X
17,THERAPIST,176,PHYSICAL THERAPY / EARLY INTERVENTION (EI),225100000X
17,THERAPIST,576,PRESCHOOL EARLY INTERVENTION PHYSICAL THERAPY,225100000X
18,OPTOMETRIST,180,OPTOMETRIST,193200000X
18,OPTOMETRIST,180,OPTOMETRIST,193400000X
19,PSYCHOLOGIST,190,GENERAL PSYCHOLOGIST,193200000X
19,PSYCHOLOGIST,190,GENERAL PSYCHOLOGIST,193400000X
19,PSYCHOLOGIST,191,CLINICAL NEUROPSYCHOLOGIST,193200000X
19,PSYCHOLOGIST,191,CLINICAL NEUROPSYCHOLOGIST,193400000X
19,PSYCHOLOGIST,192,CLINICAL HEALTH PSYCHOLOGIST,193200000X
19,PSYCHOLOGIST,192,CLINICAL HEALTH PSYCHOLOGIST,193400000X
19,PSYCHOLOGIST,194,SCHOOL PSYCHOLOGIST,193200000X
19,PSYCHOLOGIST,194,SCHOOL PSYCHOLOGIST,193400000X
19,PSYCHOLOGIST,195,CLINICAL PSYCHOLOGIST,193200000X
19,PSYCHOLOGIST,195,CLINICAL PSYCHOLOGIST,193400000X
19,PSYCHOLOGIST,196,CLINICAL CHILD PSYCHOLOGIST,193200000X
19,PSYCHOLOGIST,196,CLINICAL CHILD PSYCHOLOGIST,193400000X
19,PSYCHOLOGIST,197,COUNSELING PSYCHOLOGIST,193200000X
19,PSYCHOLOGIST,197,COUNSELING PSYCHOLOGIST,193400000X
19,PSYCHOLOGIST,198,INDUSTRIAL ORGANIZATIONAL PSYCHOLOGIST,193200000X
19,PSYCHOLOGIST,198,INDUSTRIAL ORGANIZATIONAL PSYCHOLOGIST,193400000X
19,PSYCHOLOGIST,199,BEHAVIORAL PSYCHOLOGIST,193200000X
19,PSYCHOLOGIST,199,BEHAVIORAL PSYCHOLOGIST,193400000X
19,PSYCHOLOGIST,201,FORENSIC PSYCHOLOGIST,193200000X
19,PSYCHOLOGIST,201,FORENSIC PSYCHOLOGIST,193400000X
19,PSYCHOLOGIST,202,FAMILY PSYCHOLOGIST,193200000X
19,PSYCHOLOGIST,202,FAMILY PSYCHOLOGIST,193400000X
19,PSYCHOLOGIST,204,CLINICAL GEROPSYCHOLOGIST,193200000X
19,PSYCHOLOGIST,204,CLINICAL GEROPSYCHOLOGIST,193400000X
19,PSYCHOLOGIST,206,TRTMT OF ALCOL AND OTHER PSYCAV SBSTC USE DSORDRS,193200000X
19,PSYCHOLOGIST,206,TRTMT OF ALCOL AND OTHER PSYCAV SBSTC USE DSORDRS,193400000X
19,PSYCHOLOGIST,207,COGNITIVE THERAPIST,193200000X
19,PSYCHOLOGIST,207,COGNITIVE THERAPIST,193400000X
19,PSYCHOLOGIST,208,BEHAVIORAL THERAPIST CONSULTANT,193200000X
19,PSYCHOLOGIST,208,BEHAVIORAL THERAPIST CONSULTANT,193400000X
19,PSYCHOLOGIST,548,THERAPEUTIC STAFF SUPPORT,193200000X
19,PSYCHOLOGIST,548,THERAPEUTIC STAFF SUPPORT,193400000X
19,PSYCHOLOGIST,559,BEHAVIORAL SPECIALIST CONSULTANT,193200000X
19,PSYCHOLOGIST,559,BEHAVIORAL SPECIALIST CONSULTANT,193400000X
20,AUDIOLOGIST,200,AUDIOLOGIST,193200000X
20,AUDIOLOGIST,200,AUDIOLOGIST,193400000X
20,AUDIOLOGIST,220,HEARING AID DISPENSER,237600000X
21,CASE MANAGER,216,LICENSED SOCIAL WORKER/EI,104100000X
21,CASE MANAGER,574,PRESCHOOL EARLY INTERVENTION SERVICE,104100000X
23,NUTRITIONIST,230,REGISTERED NUTRITIONIST,132700000X
23,NUTRITIONIST,230,REGISTERED NUTRITIONIST,193200000X
23,NUTRITIONIST,230,REGISTERED NUTRITIONIST,193400000X
23,NUTRITIONIST,460,HOME DELIVERED MEALS,132700000X
24,PHARMACY,240,INDEPENDENT,333600000X
24,PHARMACY,241,INSTITUTIONAL INDEPENDENT,333600000X
24,PHARMACY,242,CHAIN,333600000X
24,PHARMACY,243,INSTITUTIONAL CHAIN,333600000X
24,PHARMACY,244,LONG TERM CARE (LTC),333600000X
24,PHARMACY,245,MAIL ORDER,333600000X
24,PHARMACY,247,PHARMACIST,183500000X
26,TRANSPORTATION,260,AMBULANCE - BASIC LIFE SUPPORT,341600000X
26,TRANSPORTATION,261,AMBULANCE - ADVANCED LIFE SUPPORT,341600000X
27,DENTIST,270,ENDODONTIST,122300000X
27,DENTIST,270,ENDODONTIST,193200000X
27,DENTIST,270,ENDODONTIST,193400000X
27,DENTIST,271,GENERAL DENTISTRY,122300000X
27,DENTIST,271,GENERAL DENTISTRY,193200000X
27,DENTIST,271,GENERAL DENTISTRY,193400000X
27,DENTIST,272,ORAL / MAXILLOFACIAL SURGEON,122300000X
27,DENTIST,272,ORAL / MAXILLOFACIAL SURGEON,193200000X
27,DENTIST,272,ORAL / MAXILLOFACIAL SURGEON,193400000X
27,DENTIST,273,ORTHODONTIST/DENTOFACIAL ORTHOPEDIST,122300000X
27,DENTIST,273,ORTHODONTIST/DENTOFACIAL ORTHOPEDIST,193200000X
27,DENTIST,273,ORTHODONTIST/DENTOFACIAL ORTHOPEDIST,193400000X
27,DENTIST,274,PEDIATRIC DENTIST,122300000X
27,DENTIST,274,PEDIATRIC DENTIST,193200000X
27,DENTIST,274,PEDIATRIC DENTIST,193400000X
27,DENTIST,275,PERIODONTIST,122300000X
27,DENTIST,275,PERIODONTIST,193200000X
27,DENTIST,275,PERIODONTIST,193400000X
27,DENTIST,276,ORAL PATHOLOGIST,122300000X
27,DENTIST,276,ORAL PATHOLOGIST,193200000X
27,DENTIST,276,ORAL PATHOLOGIST,193400000X
27,DENTIST,277,PROSTHODONTIST,122300000X
27,DENTIST,277,PROSTHODONTIST,193200000X
27,DENTIST,277,PROSTHODONTIST,193400000X
27,DENTIST,278,ORAL / MAXILLOFACIAL PATHOLOGIST,122300000X
27,DENTIST,278,ORAL / MAXILLOFACIAL PATHOLOGIST,193200000X
27,DENTIST,278,ORAL / MAXILLOFACIAL PATHOLOGIST,193400000X
27,DENTIST,279,ORAL / MAXILLOFACIAL RADIOLOGIST,122300000X
27,DENTIST,279,ORAL / MAXILLOFACIAL RADIOLOGIST,193200000X
27,DENTIST,279,ORAL / MAXILLOFACIAL RADIOLOGIST,193400000X
27,DENTIST,282,DENTAL PUBLIC HEALTH,122300000X
27,DENTIST,282,DENTAL PUBLIC HEALTH,193200000X
27,DENTIST,282,DENTAL PUBLIC HEALTH,193400000X
31,PHYSICIAN,301,MEDICAL AND OSTEOPATHIC TRAINEE,390200000X
31,PHYSICIAN,310,ALLERGY & IMMUNOLOGY,193200000X
31,PHYSICIAN,310,ALLERGY & IMMUNOLOGY,193400000X
31,PHYSICIAN,311,ANESTHESIOLOGY,193200000X
31,PHYSICIAN,311,ANESTHESIOLOGY,193400000X
31,PHYSICIAN,314,DERMATOLOGY,193200000X
31,PHYSICIAN,314,DERMATOLOGY,193400000X
31,PHYSICIAN,315,EMERGENCY MEDICINE,193200000X
31,PHYSICIAN,315,EMERGENCY MEDICINE,193400000X
31,PHYSICIAN,316,FAMILY PRACTICE,193200000X
31,PHYSICIAN,316,FAMILY PRACTICE,193400000X
31,PHYSICIAN,318,GENERAL PRACTITIONER,193200000X
31,PHYSICIAN,318,GENERAL PRACTITIONER,193400000X
31,PHYSICIAN,319,SURGERY,193200000X
31,PHYSICIAN,319,SURGERY,193400000X
31,PHYSICIAN,319,SURGERY,208600000X
31,PHYSICIAN,322,INTERNAL MEDICINE,193200000X
31,PHYSICIAN,322,INTERNAL MEDICINE,193400000X
31,PHYSICIAN,328,OBSTETRICS AND GYNECOLOGY,193200000X
31,PHYSICIAN,328,OBSTETRICS AND GYNECOLOGY,193400000X
31,PHYSICIAN,330,OPHTHALMOLOGIST,193200000X
31,PHYSICIAN,330,OPHTHALMOLOGIST,193400000X
31,PHYSICIAN,331,ORTHOPAEDIC SURGERY,193200000X
31,PHYSICIAN,331,ORTHOPAEDIC SURGERY,193400000X
31,PHYSICIAN,332,OTOLARYNGOLOGY,193200000X
31,PHYSICIAN,332,OTOLARYNGOLOGY,193400000X
31,PHYSICIAN,333,PATHOLOGY,193200000X
31,PHYSICIAN,333,PATHOLOGY,193400000X
31,PHYSICIAN,336,PHYSICAL MEDICINE & REHABILITATION,193200000X
31,PHYSICIAN,336,PHYSICAL MEDICINE & REHABILITATION,193400000X
31,PHYSICIAN,336,PHYSICAL MEDICINE & REHABILITATION,208100000X
31,PHYSICIAN,337,PLASTIC SURGERY,193200000X
31,PHYSICIAN,337,PLASTIC SURGERY,193400000X
31,PHYSICIAN,337,PLASTIC SURGERY,208200000X
31,PHYSICIAN,338,NEUROLOGY,193200000X
31,PHYSICIAN,338,NEUROLOGY,193400000X
31,PHYSICIAN,339,PSYCHIATRY,193200000X
31,PHYSICIAN,339,PSYCHIATRY,193400000X
31,PHYSICIAN,341,RADIOLOGY,193200000X
31,PHYSICIAN,341,RADIOLOGY,193400000X
31,PHYSICIAN,342,PREVENTIVE MEDICINE,193200000X
31,PHYSICIAN,342,PREVENTIVE MEDICINE,193400000X
31,PHYSICIAN,343,UROLOGIST,193200000X
31,PHYSICIAN,343,UROLOGIST,193400000X
31,PHYSICIAN,343,UROLOGIST,208800000X
31,PHYSICIAN,345,PEDIATRICS,193200000X
31,PHYSICIAN,345,PEDIATRICS,193400000X
31,PHYSICIAN,345,PEDIATRICS,208000000X
31,PHYSICIAN,347,RADIATION THERAPIST,193200000X
31,PHYSICIAN,347,RADIATION THERAPIST,193400000X
32,CERTIFIED REGISTERED NURSE ANESTHETIST,320,CERTIFIED REGISTERED NURSE ANESTHETIST,193200000X
32,CERTIFIED REGISTERED NURSE ANESTHETIST,320,CERTIFIED REGISTERED NURSE ANESTHETIST,193400000X
32,CERTIFIED REGISTERED NURSE ANESTHETIST,320,CERTIFIED REGISTERED NURSE ANESTHETIST,367500000X
33,CERTIFIED NURSE MIDWIFE,335,CERTIFIED NURSE MIDWIFE,193200000X
33,CERTIFIED NURSE MIDWIFE,335,CERTIFIED NURSE MIDWIFE,193400000X
35,PUBLIC SCHOOLS,350,PUBLIC SCHOOL,251300000X
52,COMMUNITY RESIDENTIAL REHABILITATION,456,CRR-ADULT,320800000X
56,RESIDENTIAL TREATMENT FACILITY,560,RESIDENTIAL TRTMT FACILITY (NON-JCAHO CERTIFIED),320800000X
56,RESIDENTIAL TREATMENT FACILITY,560,RESIDENTIAL TRTMT FACILITY (NON-JCAHO CERTIFIED),320900000X
