nucc_code,DHCS_NA_Group,DHCS_NA_Category,NUCC_Classification,NUCC_Specalization,ESRI_OID,match_confidence
1835C0206X,Non-ANC Provider Type,Other,Pharmacist,Cardiology,1,source
1835C0207X,Non-ANC Provider Type,Other,Pharmacist,Compounded Sterile Preparations,2,source
1835E0208X,Non-ANC Provider Type,Other,Pharmacist,Emergency Medicine,3,source
1835I0206X,Non-ANC Provider Type,Other,Pharmacist,Infectious Diseases,4,source
1835S0206X,Non-ANC Provider Type,Other,Pharmacist,Solid Organ Transplant,5,source
246YC3301X,Non-ANC Provider Type,Other,"Spec/Tech, Health Info","Coding Specialist, Hospital Based",6,source
246YC3302X,Non-ANC Provider Type,Other,"Spec/Tech, Health Info","Coding Specialist, Physician Office Based",7,source
246YR1600X,Non-ANC Provider Type,Other,"Spec/Tech, Health Info",Registered Record Administrator,8,source
246ZA2600X,Non-ANC Provider Type,Other,"Specialist/Technologist, Other","Art, Medical",9,source
246ZB0301X,Non-ANC Provider Type,Other,"Specialist/Technologist, Other",Biomedical Engineering,10,source
246ZB0302X,Non-ANC Provider Type,Other,"Specialist/Technologist, Other",Biomedical Photographer,11,source
246ZB0600X,Non-ANC Provider Type,Other,"Specialist/Technologist, Other",Biostatistician,12,source
246ZG0701X,Non-ANC Provider Type,Other,"Specialist/Technologist, Other",Graphics Methods,13,source
246ZI1000X,Non-ANC Provider Type,Other,"Specialist/Technologist, Other","Illustration, Medical",14,source
2470A2800X,Non-ANC Provider Type,Other,"Technician, Health Information",Assistant Record Technician,15,source
2472B0301X,Non-ANC Provider Type,Other,"Technician, Other",Biomedical Engineering,16,source
2472D0500X,Non-ANC Provider Type,Other,"Technician, Other",Darkroom,17,source
2472V0600X,Non-ANC Provider Type,Other,"Technician, Other",Veterinary,18,source
101200000X,Non-ANC Provider Type,Other,Behavioral Health & Social Service Providers,Drama Therapist ,19,source
101Y00000X,Non-ANC Provider Type,Other,Counselor,Undefined,20,source
101YA0400X,Non-ANC Provider Type,Other,Counselor,Addiction (Substance Use Disorder),21,source
101YM0800X,Non-ANC Provider Type,Other,Counselor,Mental Health,22,source
101YP1600X,Non-ANC Provider Type,Other,Counselor,Pastoral,23,source
101YP2500X,Non-ANC Provider Type,Other,Counselor,Professional,24,source
101YS0200X,Non-ANC Provider Type,Other,Counselor,School,25,source
102L00000X,Non-ANC Provider Type,Other,Psychoanalyst,Undefined,26,source
102X00000X,Non-ANC Provider Type,Other,Poetry Therapist,Undefined,27,source
103G00000X,Non-ANC Provider Type,Other,Clinical Neuropsychologist,Undefined,28,source
103K00000X,Non-ANC Provider Type,Other,Behavioral Analyst,Undefined,29,source
103T00000X,Mental Health Outpatient Services,Mental Health Outpatient Services,Psychologist,Undefined,30,source
103TA0400X,Mental Health Outpatient Services,Mental Health Outpatient Services,Psychologist,Addiction (Substance Use Disorder),31,source
103TA0700X,Mental Health Outpatient Services,Mental Health Outpatient Services,Psychologist,Adult Development & Aging,32,source
103TB0200X,Mental Health Outpatient Services,Mental Health Outpatient Services,Psychologist,Cognitive & Behavioral,33,source
103TC0700X,Mental Health Outpatient Services,Mental Health Outpatient Services,Psychologist,Clinical,34,source
103TC1900X,Mental Health Outpatient Services,Mental Health Outpatient Services,Psychologist,Counseling,35,source
103TC2200X,Mental Health Outpatient Services,Mental Health Outpatient Services,Psychologist,Clinical Child & Adolescent,36,source
103TE1100X,Mental Health Outpatient Services,Mental Health Outpatient Services,Psychologist,Exercise & Sports,37,source
103TF0000X,Mental Health Outpatient Services,Mental Health Outpatient Services,Psychologist,Family,38,source
103TF0200X,Mental Health Outpatient Services,Mental Health Outpatient Services,Psychologist,Forensic,39,source
103TH0004X,Mental Health Outpatient Services,Mental Health Outpatient Services,Psychologist,Health,40,source
103TH0100X,Mental Health Outpatient Services,Mental Health Outpatient Services,Psychologist,Health Service,41,source
103TM1800X,Mental Health Outpatient Services,Mental Health Outpatient Services,Psychologist,Mental Retardation & Developmental Disabilities,42,source
103TP0016X,Mental Health Outpatient Services,Mental Health Outpatient Services,Psychologist,Prescribing (Medical),43,source
103TP0814X,Mental Health Outpatient Services,Mental Health Outpatient Services,Psychologist,Psychoanalysis,44,source
103TP2701X,Mental Health Outpatient Services,Mental Health Outpatient Services,Psychologist,Group Psychotherapy,45,source
103TR0400X,Mental Health Outpatient Services,Mental Health Outpatient Services,Psychologist,Rehabilitation,46,source
103TS0200X,Mental Health Outpatient Services,Mental Health Outpatient Services,Psychologist,School,47,source
104100000X,Mental Health Outpatient Services,Mental Health Outpatient Services,Social Worker,Undefined,48,source
1041C0700X,Mental Health Outpatient Services,Mental Health Outpatient Services,Social Worker,Clinical,49,source
1041S0200X,Mental Health Outpatient Services,Mental Health Outpatient Services,Social Worker,School,50,source
106E00000X,Non-ANC Provider Type,Other,Assistant Behavior Analyst,Undefined,51,source
106H00000X,Mental Health Outpatient Services,Mental Health Outpatient Services,Marriage & Family Therapist,Undefined,52,source
106S00000X,Non-ANC Provider Type,Other,Behavior Technician,Undefined,53,source
111N00000X,Non-ANC Provider Type,Other,Chiropractor,Undefined,54,source
111NI0013X,Non-ANC Provider Type,Other,Chiropractor,Independent Medical Examiner,55,source
111NI0900X,Non-ANC Provider Type,Other,Chiropractor,Internist,56,source
111NN0400X,Non-ANC Provider Type,Other,Chiropractor,Neurology,57,source
111NN1001X,Non-ANC Provider Type,Other,Chiropractor,Nutrition,58,source
111NP0017X,Non-ANC Provider Type,Other,Chiropractor,Pediatric Chiropractor,59,source
111NR0200X,Non-ANC Provider Type,Other,Chiropractor,Radiology,60,source
111NR0400X,Non-ANC Provider Type,Other,Chiropractor,Rehabilitation,61,source
111NS0005X,Non-ANC Provider Type,Other,Chiropractor,Sports Physician,62,source
111NT0100X,Non-ANC Provider Type,Other,Chiropractor,Thermography,63,source
111NX0100X,Non-ANC Provider Type,Other,Chiropractor,Occupational Health,64,source
111NX0800X,Non-ANC Provider Type,Other,Chiropractor,Orthopedic,65,source
122300000X,Dental Provider ,Dental Provider ,Dentist,Undefined,66,source
1223D0001X,Dental Provider ,Dental Provider ,Dentist,Dental Public Health,67,source
1223D0004X,Dental Provider ,Dental Provider ,Dentist,Dentist Anesthesiologist,68,source
1223E0200X,Dental Provider ,Dental Provider ,Dentist,Endodontics,69,source
1223G0001X,Dental Provider ,Dental Provider ,Dentist,General Practice,70,source
1223P0106X,Dental Provider ,Dental Provider ,Dentist,Oral and Maxillofacial Pathology,71,source
1223P0221X,Dental Provider ,Dental Provider ,Dentist,Pediatric Dentistry,72,source
1223P0300X,Dental Provider ,Dental Provider ,Dentist,Periodontics,73,source
1223P0700X,Dental Provider ,Dental Provider ,Dentist,Prosthodontics,74,source
1223S0112X,Dental Provider ,Dental Provider ,Dentist,Oral and Maxillofacial Surgery,75,source
1223X0008X,Dental Provider ,Dental Provider ,Dentist,Oral and Maxillofacial Radiology,76,source
1223X0400X,Dental Provider ,Dental Provider ,Dentist,Orthodontics and Dentofacial Orthopedics,77,source
1223X2210X,Dental Provider ,Dental Provider ,Dentist,Orofacial Pain,78,source
122400000X,Dental Provider ,Dental Provider ,Denturist,Undefined,79,source
124Q00000X,Dental Provider ,Dental Provider ,Dental Hygienist,Undefined,80,source
125J00000X,Dental Provider ,Dental Provider ,Dental Therapist,Undefined,81,source
125K00000X,Dental Provider ,Dental Provider ,Advanced Practice Dental Therapist,Undefined,82,source
125Q00000X,Dental Provider ,Dental Provider ,Oral Medicinist,Undefined,83,source
126800000X,Dental Provider ,Dental Provider ,Dental Assistant,Undefined,84,source
126900000X,Dental Provider ,Dental Provider ,Dental Laboratory Technician,Undefined,85,source
132700000X,Non-ANC Provider Type,Other,Dietary Manager,Undefined,86,source
133N00000X,Non-ANC Provider Type,Other,Nutritionist,Undefined,87,source
133NN1002X,Non-ANC Provider Type,Other,Nutritionist,"Nutrition, Education",88,source
133V00000X,Non-ANC Provider Type,Other,"Dietitian, Registered",Undefined,89,source
133VN1004X,Non-ANC Provider Type,Other,"Dietitian, Registered","Nutrition, Pediatric",90,source
133VN1005X,Non-ANC Provider Type,Other,"Dietitian, Registered","Nutrition, Renal",91,source
133VN1006X,Non-ANC Provider Type,Other,"Dietitian, Registered","Nutrition, Metabolic",92,source
133VN1101X,Non-ANC Provider Type,Other,"Dietitian, Registered","Nutrition, Gerontological",93,source
133VN1201X,Non-ANC Provider Type,Other,"Dietitian, Registered","Nutrition, Obesity and Weight Management",94,source
133VN1301X,Non-ANC Provider Type,Other,"Dietitian, Registered","Nutrition, Oncology",95,source
133VN1401X,Non-ANC Provider Type,Other,"Dietitian, Registered","Nutrition, Pediatric Critical Care",96,source
133VN1501X,Non-ANC Provider Type,Other,"Dietitian, Registered","Nutrition, Sports Dietetics",97,source
136A00000X,Non-ANC Provider Type,Other,"Dietetic Technician, Registered",Undefined,98,source
146D00000X,Non-ANC Provider Type,Other,Personal Emergency Response Attendant,Undefined,99,source
146L00000X,Non-ANC Provider Type,Other,"Emergency Medical Technician, Paramedic",Undefined,100,source
146M00000X,Non-ANC Provider Type,Other,"Emergency Medical Technician, Intermediate",Undefined,101,source
146N00000X,Non-ANC Provider Type,Other,"Emergency Medical Technician, Basic",Undefined,102,source
152W00000X,Non-ANC Provider Type,Other,Optometrist,Undefined,103,source
152WC0802X,Non-ANC Provider Type,Other,Optometrist,Corneal and Contact Management,104,source
152WL0500X,Non-ANC Provider Type,Other,Optometrist,Low Vision Rehabilitation,105,source
152WP0200X,Non-ANC Provider Type,Other,Optometrist,Pediatrics,106,source
152WS0006X,Non-ANC Provider Type,Other,Optometrist,Sports Vision,107,source
152WV0400X,Non-ANC Provider Type,Other,Optometrist,Vision Therapy,108,source
152WX0102X,Non-ANC Provider Type,Other,Optometrist,Occupational Vision,109,source
156F00000X,Non-ANC Provider Type,Other,Technician/Technologist,Undefined,110,source
156FC0800X,Non-ANC Provider Type,Other,Technician/Technologist,Contact Lens,111,source
156FC0801X,Non-ANC Provider Type,Other,Technician/Technologist,Contact Lens Fitter,112,source
156FX1100X,Non-ANC Provider Type,Other,Technician/Technologist,Ophthalmic,113,source
156FX1101X,Non-ANC Provider Type,Other,Technician/Technologist,Ophthalmic Assistant,114,source
156FX1201X,Non-ANC Provider Type,Other,Technician/Technologist,Optometric Assistant,115,source
156FX1202X,Non-ANC Provider Type,Other,Technician/Technologist,Optometric Technician,116,source
156FX1700X,Non-ANC Provider Type,Other,Technician/Technologist,Ocularist,117,source
156FX1800X,Non-ANC Provider Type,Other,Technician/Technologist,Optician,118,source
156FX1900X,Non-ANC Provider Type,Other,Technician/Technologist,Orthoptist,119,source
163W00000X,Non-ANC Provider Type,Other,Registered Nurse,Undefined,120,source
163WA0400X,Non-ANC Provider Type,Other,Registered Nurse,Addiction (Substance Use Disorder),121,source
163WA2000X,Non-ANC Provider Type,Other,Registered Nurse,Administrator,122,source
163WC0200X,Non-ANC Provider Type,Other,Registered Nurse,Critical Care Medicine,123,source
163WC0400X,Non-ANC Provider Type,Other,Registered Nurse,Case Management,124,source
163WC1400X,Non-ANC Provider Type,Other,Registered Nurse,College Health,125,source
163WC1500X,Non-ANC Provider Type,Other,Registered Nurse,Community Health,126,source
163WC1600X,Non-ANC Provider Type,Other,Registered Nurse,Continuing Education/Staff Development,127,source
163WC2100X,Non-ANC Provider Type,Other,Registered Nurse,Continence Care,128,source
163WC3500X,Non-ANC Provider Type,Other,Registered Nurse,Cardiac Rehabilitation,129,source
163WD0400X,Non-ANC Provider Type,Other,Registered Nurse,Diabetes Educator,130,source
163WD1100X,Non-ANC Provider Type,Other,Registered Nurse,"Dialysis, Peritoneal",131,source
163WE0003X,Non-ANC Provider Type,Other,Registered Nurse,Emergency,132,source
163WE0900X,Non-ANC Provider Type,Other,Registered Nurse,Enterostomal Therapy,133,source
163WF0300X,Non-ANC Provider Type,Other,Registered Nurse,Flight,134,source
163WG0000X,Non-ANC Provider Type,Other,Registered Nurse,General Practice,135,source
163WG0100X,Non-ANC Provider Type,Other,Registered Nurse,Gastroenterology,136,source
163WG0600X,Non-ANC Provider Type,Other,Registered Nurse,Gerontology,137,source
163WH0200X,Non-ANC Provider Type,Other,Registered Nurse,Home Health,138,source
163WH0500X,Non-ANC Provider Type,Other,Registered Nurse,Hemodialysis,139,source
163WH1000X,Non-ANC Provider Type,Other,Registered Nurse,Hospice,140,source
163WI0500X,Non-ANC Provider Type,Other,Registered Nurse,Infusion Therapy,141,source
163WI0600X,Non-ANC Provider Type,Other,Registered Nurse,Infection Control,142,source
163WL0100X,Non-ANC Provider Type,Other,Registered Nurse,Lactation Consultant,143,source
163WM0102X,Non-ANC Provider Type,Other,Registered Nurse,Maternal Newborn,144,source
163WM0705X,Non-ANC Provider Type,Other,Registered Nurse,Medical-Surgical,145,source
163WM1400X,Non-ANC Provider Type,Other,Registered Nurse,Nurse Massage Therapist (NMT),146,source
163WN0002X,Non-ANC Provider Type,Other,Registered Nurse,Neonatal Intensive Care,147,source
163WN0003X,Non-ANC Provider Type,Other,Registered Nurse,"Neonatal, Low-Risk",148,source
163WN0300X,Non-ANC Provider Type,Other,Registered Nurse,Nephrology,149,source
163WN0800X,Non-ANC Provider Type,Other,Registered Nurse,Neuroscience,150,source
163WN1003X,Non-ANC Provider Type,Other,Registered Nurse,Nutrition Support,151,source
163WP0000X,Non-ANC Provider Type,Other,Registered Nurse,Pain Management,152,source
163WP0200X,Non-ANC Provider Type,Other,Registered Nurse,Pediatrics,153,source
163WP0218X,Non-ANC Provider Type,Other,Registered Nurse,Pediatric Oncology,154,source
163WP0807X,Non-ANC Provider Type,Other,Registered Nurse,"Psych/Mental Health, Child & Adolescent",155,source
163WP0808X,Non-ANC Provider Type,Other,Registered Nurse,Psych/Mental Health,156,source
163WP0809X,Non-ANC Provider Type,Other,Registered Nurse,"Psych/Mental Health, Adult",157,source
163WP1700X,Non-ANC Provider Type,Other,Registered Nurse,Perinatal,158,source
163WP2201X,Non-ANC Provider Type,Other,Registered Nurse,Ambulatory Care,159,source
163WR0006X,Non-ANC Provider Type,Other,Registered Nurse,Registered Nurse First Assistant,160,source
163WR0400X,Non-ANC Provider Type,Other,Registered Nurse,Rehabilitation,161,source
163WR1000X,Non-ANC Provider Type,Other,Registered Nurse,Reproductive Endocrinology/Infertility,162,source
163WS0121X,Non-ANC Provider Type,Other,Registered Nurse,Plastic Surgery,163,source
163WS0200X,Non-ANC Provider Type,Other,Registered Nurse,School,164,source
163WU0100X,Non-ANC Provider Type,Other,Registered Nurse,Urology,165,source
163WW0000X,Non-ANC Provider Type,Other,Registered Nurse,Wound Care,166,source
163WW0101X,Non-ANC Provider Type,Other,Registered Nurse,"Women's Health Care, Ambulatory",167,source
163WX0002X,Non-ANC Provider Type,Other,Registered Nurse,"Obstetric, High-Risk",168,source
163WX0003X,Non-ANC Provider Type,Other,Registered Nurse,"Obstetric, Inpatient",169,source
163WX0106X,Non-ANC Provider Type,Other,Registered Nurse,Occupational Health,170,source
163WX0200X,Non-ANC Provider Type,Other,Registered Nurse,Oncology,171,source
163WX0601X,Non-ANC Provider Type,Other,Registered Nurse,Otorhinolaryngology & Head-Neck,172,source
163WX0800X,Non-ANC Provider Type,Other,Registered Nurse,Orthopedic,173,source
163WX1100X,Non-ANC Provider Type,Other,Registered Nurse,Ophthalmic,174,source
163WX1500X,Non-ANC Provider Type,Other,Registered Nurse,Ostomy Care,175,source
164W00000X,Non-ANC Provider Type,Other,Licensed Practical Nurse,Undefined,176,source
164X00000X,Non-ANC Provider Type,Other,Licensed Vocational Nurse,Undefined,177,source
167G00000X,Non-ANC Provider Type,Other,Licensed Psychiatric Technician,Undefined,178,source
170100000X,Non-ANC Provider Type,Other,"Medical Genetics, Ph.D. Medical Genetics",Undefined,179,source
170300000X,Non-ANC Provider Type,Other,"Genetic Counselor, MS",Undefined,180,source
171000000X,Non-ANC Provider Type,Other,Military Health Care Provider,Undefined,181,source
1710I1002X,Non-ANC Provider Type,Other,Military Health Care Provider,Independent Duty Corpsman,182,source
1710I1003X,Non-ANC Provider Type,Other,Military Health Care Provider,Independent Duty Medical Technicians,183,source
171100000X,Non-ANC Provider Type,Other,Acupuncturist,Undefined,184,source
171400000X,Non-ANC Provider Type,Other,Other Service Providers,Health & Wellness Coach ,185,source
171M00000X,Non-ANC Provider Type,Other,Case Manager/Care Coordinator,Undefined,186,source
171R00000X,Non-ANC Provider Type,Other,Interpreter,Undefined,187,source
171W00000X,Non-ANC Provider Type,Other,Contractor,Undefined,188,source
171WH0202X,Non-ANC Provider Type,Other,Contractor,Home Modifications,189,source
171WV0202X,Non-ANC Provider Type,Other,Contractor,Vehicle Modifications,190,source
172A00000X,Non-ANC Provider Type,Other,Driver,Undefined,191,source
172M00000X,Non-ANC Provider Type,Other,Mechanotherapist,Undefined,192,source
172P00000X,Non-ANC Provider Type,Other,Naprapath,Undefined,193,source
172V00000X,Non-ANC Provider Type,Other,Community Health Worker,Undefined,194,source
173000000X,Non-ANC Provider Type,Other,Legal Medicine,Undefined,195,source
173C00000X,Non-ANC Provider Type,Other,Reflexologist,Undefined,196,source
173F00000X,Non-ANC Provider Type,Other,"Sleep Specialist, PhD",Undefined,197,source
174200000X,Non-ANC Provider Type,Other,Meals,Undefined,198,source
174400000X,Non-ANC Provider Type,Other,Specialist,Undefined,199,source
1744G0900X,Non-ANC Provider Type,Other,Specialist,Graphics Designer,200,source
1744P3200X,Non-ANC Provider Type,Other,Specialist,Prosthetics Case Management,201,source
1744R1102X,Non-ANC Provider Type,Other,Specialist,Research Study,202,source
1744R1103X,Non-ANC Provider Type,Other,Specialist,Research Data Abstracter/Coder,203,source
174H00000X,Non-ANC Provider Type,Other,Health Educator,Undefined,204,source
174M00000X,Non-ANC Provider Type,Other,Veterinarian,Undefined,205,source
174MM1900X,Non-ANC Provider Type,Other,Veterinarian,Medical Research,206,source
174N00000X,Non-ANC Provider Type,Other,"Lactation Consultant, Non-RN",Undefined,207,source
174V00000X,Non-ANC Provider Type,Other,Clinical Ethicist,Undefined,208,source
175F00000X,Non-ANC Provider Type,Other,Naturopath,Undefined,209,source
175L00000X,Non-ANC Provider Type,Other,Homeopath,Undefined,210,source
175M00000X,Non-ANC Provider Type,Other,"Midwife, Lay",Undefined,211,source
175T00000X,Non-ANC Provider Type,Other,Peer Specialist,Undefined,212,source
176B00000X,Mandatory Provider Type,Licensed Midwife,Midwife,Undefined,213,source
176P00000X,Non-ANC Provider Type,Other,Funeral Director,Undefined,214,source
177F00000X,Non-ANC Provider Type,Other,Lodging,Undefined,215,source
183500000X,Non-ANC Provider Type,Other,Pharmacist,Undefined,216,source
1835C0205X,Non-ANC Provider Type,Other,Pharmacist,Critical Care,217,source
1835G0303X,Non-ANC Provider Type,Other,Pharmacist,Geriatric,218,source
1835N0905X,Non-ANC Provider Type,Other,Pharmacist,Nuclear,219,source
1835N1003X,Non-ANC Provider Type,Other,Pharmacist,Nutrition Support,220,source
1835P0018X,Non-ANC Provider Type,Other,Pharmacist,Pharmacist Clinician (PhC)/ Clinical Pharmacy Specialist,221,source
1835P0200X,Non-ANC Provider Type,Other,Pharmacist,Pediatrics,222,source
1835P1200X,Non-ANC Provider Type,Other,Pharmacist,Pharmacotherapy,223,source
1835P1300X,Non-ANC Provider Type,Other,Pharmacist,Psychiatric,224,source
1835P2201X,Non-ANC Provider Type,Other,Pharmacist,Ambulatory Care,225,source
1835X0200X,Non-ANC Provider Type,Other,Pharmacist,Oncology,226,source
183700000X,Non-ANC Provider Type,Other,Pharmacy Technician,Undefined,227,source
193200000X,Non-ANC Provider Type,Other,Multi-Specialty,Undefined,228,source
193400000X,Non-ANC Provider Type,Other,Single Specialty,Undefined,229,source
202C00000X,Non-ANC Provider Type,Other,Independent Medical Examiner,Undefined,230,source
202D00000X,Non-ANC Provider Type,Other,Integrative Medicine,Undefined,231,source
202K00000X,Non-ANC Provider Type,Other,Phlebology,Undefined,232,source
204C00000X,Non-ANC Provider Type,Other,"Neuromusculoskeletal Medicine, Sports Medicine",Undefined,233,source
204D00000X,Non-ANC Provider Type,Other,Neuromusculoskeletal Medicine & OMM,Undefined,234,source
204E00000X,Dental Provider ,Dental Provider ,Oral & Maxillofacial Surgery,Undefined,235,source
204F00000X,Adult Core Specialist,General Surgery,Transplant Surgery,Undefined,236,source
204R00000X,Adult Core Specialist,Neurology,Electro diagnostic Medicine,Undefined,237,source
207K00000X,Non-ANC Provider Type,Other,Allergy & Immunology,Undefined,238,source
207KA0200X,Non-ANC Provider Type,Other,Allergy & Immunology,Allergy,239,source
207KI0005X,Non-ANC Provider Type,Other,Allergy & Immunology,Clinical & Laboratory Immunology,240,source
207L00000X,Non-ANC Provider Type,Other,Anesthesiology,Undefined,241,source
207LA0401X,Non-ANC Provider Type,Other,Anesthesiology,Addiction Medicine,242,source
207LC0200X,Non-ANC Provider Type,Other,Anesthesiology,Critical Care Medicine,243,source
207LH0002X,Non-ANC Provider Type,Other,Anesthesiology,Hospice and Palliative Medicine,244,source
207LP2900X,Non-ANC Provider Type,Other,Anesthesiology,Pain Medicine,245,source
207LP3000X,Non-ANC Provider Type,Other,Anesthesiology,Pediatric Anesthesiology,246,source
207N00000X,Adult Core Specialist,Dermatology,Dermatology,Undefined,247,source
207ND0101X,Adult Core Specialist,Dermatology,Dermatology,MOHS-Micrographic Surgery,248,source
207ND0900X,Adult Core Specialist,Dermatology,Dermatology,Dermatopathology,249,source
207NI0002X,Adult Core Specialist,Dermatology,Dermatology,Clinical & Laboratory Dermatological Immunology,250,source
207NP0225X,Pediatric Core Specialist,Dermatology,Dermatology,Pediatric Dermatology,251,source
207NS0135X,Adult Core Specialist,Dermatology,Dermatology,Procedural Dermatology,252,source
207P00000X,Non-ANC Provider Type,Other,Emergency Medicine,Undefined,253,source
207PE0004X,Non-ANC Provider Type,Other,Emergency Medicine,Emergency Medical Services,254,source
207PE0005X,Non-ANC Provider Type,Other,Emergency Medicine,Undersea and Hyperbaric Medicine,255,source
207PH0002X,Non-ANC Provider Type,Other,Emergency Medicine,Hospice and Palliative Medicine,256,source
207PP0204X,Non-ANC Provider Type,Other,Emergency Medicine,Pediatric Emergency Medicine,257,source
207PS0010X,Non-ANC Provider Type,Other,Emergency Medicine,Sports Medicine,258,source
207PT0002X,Non-ANC Provider Type,Other,Emergency Medicine,Medical Toxicology,259,source
207Q00000X,Adult Primary Care,Adult Primary Care,Family Medicine,Undefined,260,source
207QA0000X,Pediatric Primary Care,Pediatric Primary Care,Family Medicine,Adolescent Medicine,261,source
207QA0401X,Adult Primary Care,Adult Primary Care,Family Medicine,Addiction Medicine,262,source
207QA0505X,Adult Primary Care,Adult Primary Care,Family Medicine,Adult Medicine,263,source
207QB0002X,Adult Primary Care,Adult Primary Care,Family Medicine,Obesity Medicine,264,source
207QG0300X,Adult Primary Care,Adult Primary Care,Family Medicine,Geriatric Medicine,265,source
207QH0002X,Adult Primary Care,Adult Primary Care,Family Medicine,Hospice and Palliative Medicine,266,source
207QS0010X,Adult Primary Care,Adult Primary Care,Family Medicine,Sports Medicine,267,source
207QS1201X,Adult Primary Care,Adult Primary Care,Family Medicine,Sleep Medicine,268,source
207R00000X,Non-ANC Provider Type,Other,Internal Medicine,Undefined,269,source
207RA0000X,Pediatric Primary Care,Pediatric Primary Care,Internal Medicine,Adolescent Medicine,270,source
207RA0001X,Adult Core Specialist,Cardiology/Interventional Cardiology,Internal Medicine,Advanced Heart Failure and Transplant Cardiology,271,source
207RA0002X,Adult Core Specialist,Cardiology/Interventional Cardiology,Internal Medicine,Adult Congenital Heart Disease,272,source
207RA0201X,Non-ANC Provider Type,Other,Internal Medicine,Allergy & Immunology,273,source
207RA0401X,Non-ANC Provider Type,Other,Internal Medicine,Addiction Medicine,274,source
207RB0002X,Non-ANC Provider Type,Other,Internal Medicine,Obesity Medicine,275,source
207RC0000X,Adult Core Specialist,Cardiology/Interventional Cardiology,Internal Medicine,Cardiovascular Disease,276,source
207RC0001X,Adult Core Specialist,Cardiology/Interventional Cardiology,Internal Medicine,Clinical Cardiac Electrophysiology,277,source
207RC0200X,Non-ANC Provider Type,Other,Internal Medicine,Critical Care Medicine,278,source
207RE0101X,Adult Core Specialist,Endocrinology,Internal Medicine,"Endocrinology, Diabetes & Metabolism",279,source
207RG0100X,Adult Core Specialist,Gastroenterology,Internal Medicine,Gastroenterology,280,source
207RG0300X,Adult Primary Care,Adult Primary Care,Internal Medicine,Geriatric Medicine,281,source
207RH0000X,Adult Core Specialist,Hematology,Internal Medicine,Hematology,282,source
207RH0002X,Adult Primary Care,Adult Primary Care,Internal Medicine,Hospice and Palliative Medicine,283,source
207RH0003X,Adult Core Specialist,Hematology,Internal Medicine,Hematology & Oncology,284,source
207RH0005X,Adult Core Specialist,Cardiology/Interventional Cardiology,Internal Medicine,Hypertension Specialist,285,source
207RI0001X,Non-ANC Provider Type,Other,Internal Medicine,Clinical & Laboratory Immunology,286,source
207RI0008X,Adult Core Specialist,Gastroenterology,Internal Medicine,Hepatology,287,source
207RI0011X,Adult Core Specialist,Cardiology/Interventional Cardiology,Internal Medicine,Interventional Cardiology,288,source
207RI0200X,Adult Core Specialist,HIV/AIDS Specialists/Infectious Diseases,Internal Medicine,Infectious Disease,289,source
207RM1200X,Non-ANC Provider Type,Other,Internal Medicine,Magnetic Resonance Imaging (MRI),290,source
207RN0300X,Adult Core Specialist,Nephrology,Internal Medicine,Nephrology,291,source
207RP1001X,Adult Core Specialist,Pulmonology,Internal Medicine,Pulmonary Disease,292,source
207RR0500X,Non-ANC Provider Type,Other,Internal Medicine,Rheumatology,293,source
207RS0010X,Non-ANC Provider Type,Other,Internal Medicine,Sports Medicine,294,source
207RS0012X,Non-ANC Provider Type,Other,Internal Medicine,Sleep Medicine,295,source
207RT0003X,Non-ANC Provider Type,Other,Internal Medicine,Transplant Hepatology,296,source
207RX0202X,Adult Core Specialist,Oncology,Internal Medicine,Medical Oncology,297,source
207SC0300X,Non-ANC Provider Type,Other,Medical Genetics,Clinical Cytogenetic,298,source
207SG0201X,Non-ANC Provider Type,Other,Medical Genetics,Clinical Genetics (M.D.),299,source
207SG0202X,Non-ANC Provider Type,Other,Medical Genetics,Clinical Biochemical Genetics,300,source
207SG0203X,Non-ANC Provider Type,Other,Medical Genetics,Clinical Molecular Genetics,301,source
207SG0205X,Non-ANC Provider Type,Other,Medical Genetics,Ph.D. Medical Genetics,302,source
207SM0001X,Non-ANC Provider Type,Other,Medical Genetics,Molecular Genetic Pathology,303,source
207T00000X,Adult Core Specialist,General Surgery,Neurological Surgery,Undefined,304,source
207U00000X,Non-ANC Provider Type,Other,Nuclear Medicine,Undefined,305,source
207UN0901X,Adult Core Specialist,Cardiology/Interventional Cardiology,Nuclear Medicine,Nuclear Cardiology,306,source
207UN0902X,Non-ANC Provider Type,Other,Nuclear Medicine,Nuclear Imaging & Therapy,307,source
207UN0903X,Non-ANC Provider Type,Other,Nuclear Medicine,In Vivo & In Vitro Nuclear Medicine,308,source
207V00000X,OB/GYN Primary and Specialty Care,Obstetrics & Gynecology,Obstetrics & Gynecology,Undefined,309,source
207VB0002X,OB/GYN Primary and Specialty Care,Obstetrics & Gynecology,Obstetrics & Gynecology,Obesity Medicine,310,source
207VC0200X,OB/GYN Primary and Specialty Care,Obstetrics & Gynecology,Obstetrics & Gynecology,Critical Care Medicine,311,source
207VC0300X,OB/GYN Primary and Specialty Care,Obstetrics & Gynecology,Obstetrics & Gynecology,Complex Family Planning,312,source
207VE0102X,OB/GYN Primary and Specialty Care,Obstetrics & Gynecology,Obstetrics & Gynecology,Reproductive Endocrinology,313,source
207VF0040X,OB/GYN Primary and Specialty Care,Obstetrics & Gynecology,Obstetrics & Gynecology,Female Pelvic Medicine and Reconstructive Surgery,314,source
207VG0400X,OB/GYN Primary and Specialty Care,Obstetrics & Gynecology,Obstetrics & Gynecology,Gynecology,315,source
207VH0002X,OB/GYN Primary and Specialty Care,Obstetrics & Gynecology,Obstetrics & Gynecology,Hospice and Palliative Medicine,316,source
207VM0101X,OB/GYN Primary and Specialty Care,Obstetrics & Gynecology,Obstetrics & Gynecology,Maternal & Fetal Medicine,317,source
207VX0000X,OB/GYN Primary and Specialty Care,Obstetrics & Gynecology,Obstetrics & Gynecology,Obstetrics,318,source
207VX0201X,OB/GYN Primary and Specialty Care,Obstetrics & Gynecology,Obstetrics & Gynecology,Gynecologic Oncology,319,source
207W00000X,Adult Core Specialist,Ophthalmology,Ophthalmology,Undefined,320,source
207WX0009X,Adult Core Specialist,Ophthalmology,Ophthalmology,Glaucoma Specialist,321,source
207WX0107X,Adult Core Specialist,Ophthalmology,Ophthalmology,Retina Specialist,322,source
207WX0108X,Adult Core Specialist,Ophthalmology,Ophthalmology,Uveitis and Ocular Inflammatory Disease,323,source
207WX0109X,Adult Core Specialist,Ophthalmology,Ophthalmology,Neuro-ophthalmology,324,source
207WX0110X,Pediatric Core Specialist,Ophthalmology,Ophthalmology,Pediatric Ophthalmology and Strabismus Specialist,325,source
207WX0120X,Adult Core Specialist,Ophthalmology,Ophthalmology,Cornea and External Diseases Specialist,326,source
207WX0200X,Adult Core Specialist,Ophthalmology,Ophthalmology,Ophthalmic Plastic and Reconstructive Surgery,327,source
207X00000X,Adult Core Specialist,Orthopedic Surgery,Orthopedic Surgery,Undefined,328,source
207XP3100X,Pediatric Core Specialist,Orthopedic Surgery,Orthopedic Surgery,Pediatric Orthopedic Surgery,329,source
207XS0106X,Adult Core Specialist,Orthopedic Surgery,Orthopedic Surgery,Hand Surgery,330,source
207XS0114X,Adult Core Specialist,Orthopedic Surgery,Orthopedic Surgery,Adult Reconstructive Orthopedic Surgery,331,source
207XS0117X,Adult Core Specialist,Orthopedic Surgery,Orthopedic Surgery,Orthopedic Surgery of the Spine,332,source
207XX0004X,Adult Core Specialist,Orthopedic Surgery,Orthopedic Surgery,Foot and Ankle Surgery,333,source
207XX0005X,Adult Core Specialist,Orthopedic Surgery,Orthopedic Surgery,Sports Medicine,334,source
207XX0801X,Adult Core Specialist,Orthopedic Surgery,Orthopedic Surgery,Orthopedic Trauma,335,source
207Y00000X,Adult Core Specialist,ENT/Otolaryngology,Otolaryngology,Undefined,336,source
207YP0228X,Pediatric Core Specialist,ENT/Otolaryngology,Otolaryngology,Pediatric Otolaryngology,337,source
207YS0012X,Adult Core Specialist,ENT/Otolaryngology,Otolaryngology,Sleep Medicine,338,source
207YS0123X,Adult Core Specialist,ENT/Otolaryngology,Otolaryngology,Facial Plastic Surgery,339,source
207YX0007X,Adult Core Specialist,ENT/Otolaryngology,Otolaryngology,Plastic Surgery within the Head & Neck,340,source
207YX0602X,Adult Core Specialist,ENT/Otolaryngology,Otolaryngology,Otolaryngic Allergy,341,source
207YX0901X,Adult Core Specialist,ENT/Otolaryngology,Otolaryngology,Otology & Neurotology,342,source
207YX0905X,Adult Core Specialist,ENT/Otolaryngology,Otolaryngology,Otolaryngology/Facial Plastic Surgery,343,source
207ZB0001X,Non-ANC Provider Type,Other,Pathology,Blood Banking & Transfusion Medicine,344,source
207ZC0006X,Non-ANC Provider Type,Other,Pathology,Clinical Pathology,345,source
207ZC0008X,Non-ANC Provider Type,Other,Pathology,Clinical Informatics,346,source
207ZC0500X,Non-ANC Provider Type,Other,Pathology,Cytopathology,347,source
207ZD0900X,Non-ANC Provider Type,Other,Pathology,Dermatopathology,348,source
207ZF0201X,Non-ANC Provider Type,Other,Pathology,Forensic Pathology,349,source
207ZH0000X,Non-ANC Provider Type,Other,Pathology,Hematology,350,source
207ZI0100X,Non-ANC Provider Type,Other,Pathology,Immunopathology,351,source
207ZM0300X,Non-ANC Provider Type,Other,Pathology,Medical Microbiology,352,source
207ZN0500X,Non-ANC Provider Type,Other,Pathology,Neuropathology,353,source
207ZP0007X,Non-ANC Provider Type,Other,Pathology,Molecular Genetic Pathology,354,source
207ZP0101X,Non-ANC Provider Type,Other,Pathology,Anatomic Pathology,355,source
207ZP0102X,Non-ANC Provider Type,Other,Pathology,Anatomic Pathology & Clinical Pathology,356,source
207ZP0104X,Non-ANC Provider Type,Other,Pathology,Chemical Pathology,357,source
207ZP0105X,Non-ANC Provider Type,Other,Pathology,Clinical Pathology/Laboratory Medicine,358,source
207ZP0213X,Non-ANC Provider Type,Other,Pathology,Pediatric Pathology,359,source
208000000X,Pediatric Primary Care,Pediatric Primary Care,Pediatrics,Undefined,360,source
2080A0000X,Pediatric Primary Care,Pediatric Primary Care,Pediatrics,Adolescent Medicine,361,source
2080B0002X,Pediatric Core Specialist,Endocrinology,Pediatrics,Obesity Medicine,362,source
2080C0008X,Pediatric Core Specialist,Psychiatry,Pediatrics,Child Abuse Pediatrics,363,source
2080H0002X,Pediatric Primary Care,Pediatric Primary Care,Pediatrics,Hospice and Palliative Medicine,364,source
2080I0007X,Non-ANC Provider Type,Other,Pediatrics,Clinical & Laboratory Immunology,365,source
2080N0001X,Pediatric Primary Care,Pediatric Primary Care,Pediatrics,Neonatal-Perinatal Medicine,366,source
2080P0006X,Pediatric Core Specialist,Psychiatry,Pediatrics,Developmental a€“ Behavioral Pediatrics,367,source
2080P0008X,Pediatric Core Specialist,Neurology,Pediatrics,Neurodevelopmental Disabilities,368,source
2080P0201X,Pediatric Core Specialist,Neurology,Pediatrics,Pediatric Allergy/Immunology,369,source
2080P0202X,Pediatric Core Specialist,Cardiology/Interventional Cardiology,Pediatrics,Pediatric Cardiology,370,source
2080P0203X,Non-ANC Provider Type,Other,Pediatrics,Pediatric Critical Care Medicine,371,source
2080P0204X,Non-ANC Provider Type,Other,Pediatrics,Pediatric Emergency Medicine,372,source
2080P0205X,Pediatric Core Specialist,Endocrinology,Pediatrics,Pediatric Endocrinology,373,source
2080P0206X,Pediatric Core Specialist,Gastroenterology,Pediatrics,Pediatric Gastroenterology,374,source
2080P0207X,Pediatric Core Specialist,Oncology,Pediatrics,Pediatric Hematology-Oncology,375,source
2080P0208X,Pediatric Core Specialist,HIV/AIDS Specialists/Infectious Diseases,Pediatrics,Pediatric Infectious Diseases,376,source
2080P0210X,Pediatric Core Specialist,Nephrology,Pediatrics,Pediatric Nephrology,377,source
2080P0214X,Pediatric Core Specialist,Pulmonology,Pediatrics,Pediatric Pulmonology,378,source
2080P0216X,Non-ANC Provider Type,Other,Pediatrics,Pediatric Rheumatology,379,source
2080S0010X,Pediatric Core Specialist,Orthopedic Surgery,Pediatrics,Sports Medicine,380,source
2080S0012X,Non-ANC Provider Type,Other,Pediatrics,Sleep Medicine,381,source
2080T0002X,Non-ANC Provider Type,Other,Pediatrics,Medical Toxicology,382,source
2080T0004X,Pediatric Core Specialist,Gastroenterology,Pediatrics,Pediatric Transplant Hepatology,383,source
208100000X,Adult Core Specialist,Physical Medicine & Rehabilitation,Physical Medicine & Rehabilitation,Undefined,384,source
2081H0002X,Adult Core Specialist,Physical Medicine & Rehabilitation,Physical Medicine & Rehabilitation,Hospice and Palliative Medicine,385,source
2081N0008X,Adult Core Specialist,Physical Medicine & Rehabilitation,Physical Medicine & Rehabilitation,Neuromuscular Medicine,386,source
2081P0004X,Adult Core Specialist,Physical Medicine & Rehabilitation,Physical Medicine & Rehabilitation,Spinal Cord Injury Medicine,387,source
2081P0010X,Pediatric Core Specialist,Physical Medicine & Rehabilitation,Physical Medicine & Rehabilitation,Pediatric Rehabilitation Medicine,388,source
2081P0301X,Adult Core Specialist,Physical Medicine & Rehabilitation,Physical Medicine & Rehabilitation,Brain Injury Medicine,389,source
2081P2900X,Adult Core Specialist,Physical Medicine & Rehabilitation,Physical Medicine & Rehabilitation,Pain Medicine,390,source
2081S0010X,Adult Core Specialist,Physical Medicine & Rehabilitation,Physical Medicine & Rehabilitation,Sports Medicine,391,source
208200000X,Adult Core Specialist,General Surgery,Plastic Surgery,Undefined,392,source
2082S0099X,Adult Core Specialist,General Surgery,Plastic Surgery,Plastic Surgery Within the Head and Neck,393,source
2082S0105X,Adult Core Specialist,General Surgery,Plastic Surgery,Surgery of the Hand,394,source
2083A0100X,Adult Primary Care,Adult Primary Care,Preventive Medicine,Aerospace Medicine,395,source
2083A0300X ,Adult Primary Care,Adult Primary Care,Preventive Medicine,Addiction Medicine,396,source
2083B0002X,Non-ANC Provider Type,Other,Preventive Medicine,Obesity Medicine,397,source
2083C0008X,Non-ANC Provider Type,Other,Preventive Medicine,Clinical Informatics,398,source
2083P0011X,Non-ANC Provider Type,Other,Preventive Medicine,Undersea and Hyperbaric Medicine,399,source
2083P0500X,Adult Primary Care,Adult Primary Care,Preventive Medicine,Preventive Medicine/Occupational Environmental Medicine,400,source
2083P0901X,Adult Primary Care,Adult Primary Care,Preventive Medicine,Public Health & General Preventive Medicine,401,source
2083S0010X,Adult Primary Care,Adult Primary Care,Preventive Medicine,Sports Medicine,402,source
2083T0002X,Adult Primary Care,Adult Primary Care,Preventive Medicine,Medical Toxicology,403,source
2083X0100X,Adult Primary Care,Adult Primary Care,Preventive Medicine,Occupational Medicine,404,source
2084A0401X,Adult Core Specialist,Psychiatry,Psychiatry & Neurology,Addiction Medicine,405,source
2084A2900X,Adult Core Specialist,Neurology,Psychiatry & Neurology,Neurocritical Care,406,source
2084B0002X,Adult Core Specialist,Psychiatry,Psychiatry & Neurology,Obesity Medicine,407,source
2084B0040X,Adult Core Specialist,Neurology,Psychiatry & Neurology,Behavioral Neurology & Neuropsychiatry,408,source
2084D0003X,Adult Core Specialist,Neurology,Psychiatry & Neurology,Diagnostic Neuroimaging,409,source
2084E0001X,Adult Core Specialist,Neurology,Psychiatry & Neurology,Epilepsy,410,source
2084F0202X,Adult Core Specialist,Psychiatry,Psychiatry & Neurology,Forensic Psychiatry,411,source
2084H0002X,Adult Core Specialist,Psychiatry,Psychiatry & Neurology,Hospice and Palliative Medicine,412,source
2084N0008X,Adult Core Specialist,Neurology,Psychiatry & Neurology,Neuromuscular Medicine,413,source
2084N0400X,Adult Core Specialist,Neurology,Psychiatry & Neurology,Neurology,414,source
2084N0402X,Pediatric Core Specialist,Neurology,Psychiatry & Neurology,Neurology with Special Qualifications in Child Neurology,415,source
2084N0600X,Adult Core Specialist,Neurology,Psychiatry & Neurology,Clinical Neurophysiology,416,source
2084P0005X,Pediatric Core Specialist,Neurology,Psychiatry & Neurology,Neurodevelopmental Disabilities,417,source
2084P0015X,Adult Core Specialist,Psychiatry,Psychiatry & Neurology,Psychosomatic Medicine,418,source
2084P0301X,Adult Core Specialist,Neurology,Psychiatry & Neurology,Brain Injury Medicine,419,source
2084P0800X,Adult Core Specialist,Psychiatry,Psychiatry & Neurology,Psychiatry,420,source
2084P0802X,Adult Core Specialist,Psychiatry,Psychiatry & Neurology,Addiction Psychiatry,421,source
2084P0804X,Pediatric Core Specialist,Psychiatry,Psychiatry & Neurology,Child & Adolescent Psychiatry,422,source
2084P0805X,Adult Core Specialist,Psychiatry,Psychiatry & Neurology,Geriatric Psychiatry,423,source
2084P2900X,Adult Core Specialist,Neurology,Psychiatry & Neurology,Pain Medicine,424,source
2084S0010X,Adult Core Specialist,Neurology,Psychiatry & Neurology,Sports Medicine,425,source
2084S0012X,Adult Core Specialist,Neurology,Psychiatry & Neurology,Sleep Medicine,426,source
2084V0102X,Adult Core Specialist,Neurology,Psychiatry & Neurology,Vascular Neurology,427,source
2085B0100X,Ancillary Provider,MRI Provider,Radiology,Body Imaging,428,source
2085D0003X,Ancillary Provider,MRI Provider,Radiology,Diagnostic Neuroimaging,429,source
2085H0002X,Non-ANC Provider Type,Other,Radiology,Hospice and Palliative Medicine,430,source
2085N0700X,Ancillary Provider,MRI Provider,Radiology,Neuroradiology,431,source
2085N0904X,Non-ANC Provider Type,Other,Radiology,Nuclear Radiology,432,source
2085P0229X,Non-ANC Provider Type,Other,Radiology,Pediatric Radiology,433,source
2085R0001X,Non-ANC Provider Type,Other,Radiology,Radiation Oncology,434,source
2085R0202X,Ancillary Provider,"Mammography Provider, MRI Provider",Radiology,Diagnostic Radiology,435,source
2085R0203X,Non-ANC Provider Type,Other,Radiology,Therapeutic Radiology,436,source
2085R0204X,Non-ANC Provider Type,Other,Radiology,Vascular & Interventional Radiology,437,source
2085R0205X,Non-ANC Provider Type,Other,Radiology,Radiological Physics,438,source
2085U0001X,Non-ANC Provider Type,Other,Radiology,Diagnostic Ultrasound,439,source
208600000X,Adult Core Specialist,General Surgery,Surgery,Undefined,440,source
2086H0002X,Adult Core Specialist,General Surgery,Surgery,Hospice and Palliative Medicine,441,source
2086S0102X,Adult Core Specialist,General Surgery,Surgery,Surgical Critical Care,442,source
2086S0105X,Adult Core Specialist,General Surgery,Surgery,Surgery of the Hand,443,source
2086S0120X,Pediatric Core Specialist,General Surgery,Surgery,Pediatric Surgery,444,source
2086S0122X,Adult Core Specialist,General Surgery,Surgery,Plastic and Reconstructive Surgery,445,source
2086S0127X,Adult Core Specialist,General Surgery,Surgery,Trauma Surgery,446,source
2086S0129X,Adult Core Specialist,General Surgery,Surgery,Vascular Surgery,447,source
2086X0206X,Adult Core Specialist,General Surgery,Surgery,Surgical Oncology,448,source
208800000X,Non-ANC Provider Type,Other,Urology,Undefined,449,source
2088F0040X,Non-ANC Provider Type,Other,Urology,Female Pelvic Medicine and Reconstructive Surgery,450,source
2088P0231X,Non-ANC Provider Type,Other,Urology,Pediatric Urology,451,source
208C00000X,Adult Core Specialist,General Surgery,Colon & Rectal Surgery,Undefined,452,source
208D00000X,Adult Primary Care,Adult Primary Care,General Practice,Undefined,453,source
208G00000X,Adult Core Specialist,General Surgery,Thoracic Surgery (Cardiothoracic Vascular Surgery),Undefined,454,source
208M00000X,Non-ANC Provider Type,Other,Hospitalist,Undefined,455,source
208U00000X,Non-ANC Provider Type,Other,Clinical Pharmacology,Undefined,456,source
208VP0000X,Non-ANC Provider Type,Other,Pain Medicine,Pain Medicine,457,source
208VP0014X,Non-ANC Provider Type,Other,Pain Medicine,Interventional Pain Medicine,458,source
209800000X,Non-ANC Provider Type,Other,Legal Medicine,Undefined,459,source
211D00000X,Non-ANC Provider Type,Other,"Assistant, Podiatric",Undefined,460,source
213E00000X,Non-ANC Provider Type,Other,Podiatrist,Undefined,461,source
213EP0504X,Non-ANC Provider Type,Other,Podiatrist,Public Medicine,462,source
213EP1101X,Non-ANC Provider Type,Other,Podiatrist,Primary Podiatric Medicine,463,source
213ER0200X,Non-ANC Provider Type,Other,Podiatrist,Radiology,464,source
213ES0000X,Non-ANC Provider Type,Other,Podiatrist,Sports Medicine,465,source
213ES0103X,Non-ANC Provider Type,Other,Podiatrist,Foot & Ankle Surgery,466,source
213ES0131X,Non-ANC Provider Type,Other,Podiatrist,Foot Surgery,467,source
221700000X,Non-ANC Provider Type,Other,Art Therapist,Undefined,468,source
222Q00000X,Non-ANC Provider Type,Other,Developmental Therapist,Undefined,469,source
222Z00000X,Non-ANC Provider Type,Other,Orthotist,Undefined,470,source
224900000X,Non-ANC Provider Type,Other,Mastectomy Fitter,Undefined,471,source
224L00000X,Non-ANC Provider Type,Other,Pedorthist,Undefined,472,source
224P00000X,Non-ANC Provider Type,Other,Prosthetist,Undefined,473,source
224Y00000X,Non-ANC Provider Type,Other,Clinical Exercise Physiologist,Undefined,474,source
224Z00000X,Non-ANC Provider Type,Other,Occupational Therapy Assistant,Undefined,475,source
224ZE0001X,Non-ANC Provider Type,Other,Occupational Therapy Assistant,Environmental Modification,476,source
224ZF0002X,Non-ANC Provider Type,Other,Occupational Therapy Assistant,"Feeding, Eating & Swallowing",477,source
224ZL0004X,Non-ANC Provider Type,Other,Occupational Therapy Assistant,Low Vision,478,source
224ZR0403X,Non-ANC Provider Type,Other,Occupational Therapy Assistant,Driving and Community Mobility,479,source
225000000X,Non-ANC Provider Type,Other,Orthotic Fitter,Undefined,480,source
225100000X,Ancillary Provider,Physical Therapist,Physical Therapist,Undefined,481,source
2251C2600X,Ancillary Provider,Physical Therapist,Physical Therapist,Cardiopulmonary,482,source
2251E1200X,Ancillary Provider,Physical Therapist,Physical Therapist,Ergonomics,483,source
2251E1300X,Ancillary Provider,Physical Therapist,Physical Therapist,"Electrophysiology, Clinical",484,source
2251G0304X,Ancillary Provider,Physical Therapist,Physical Therapist,Geriatrics,485,source
2251H1200X,Ancillary Provider,Physical Therapist,Physical Therapist,Hand,486,source
2251H1300X,Ancillary Provider,Physical Therapist,Physical Therapist,Human Factors,487,source
2251N0400X,Ancillary Provider,Physical Therapist,Physical Therapist,Neurology,488,source
2251P0200X,Ancillary Provider,Physical Therapist,Physical Therapist,Pediatrics,489,source
2251S0007X,Ancillary Provider,Physical Therapist,Physical Therapist,Sports,490,source
2251X0800X,Ancillary Provider,Physical Therapist,Physical Therapist,Orthopedic,491,source
225200000X,Non-ANC Provider Type,Other,Physical Therapy Assistant,Undefined,492,source
225400000X,Non-ANC Provider Type,Other,Rehabilitation Practitioner,Undefined,493,source
225500000X,Non-ANC Provider Type,Other,Specialist/Technologist,Undefined,494,source
2255A2300X,Non-ANC Provider Type,Other,Specialist/Technologist,Athletic Trainer,495,source
2255R0406X,Non-ANC Provider Type,Other,Specialist/Technologist,"Rehabilitation, Blind",496,source
225600000X,Non-ANC Provider Type,Other,Dance Therapist,Undefined,497,source
225700000X,Non-ANC Provider Type,Other,Massage Therapist,Undefined,498,source
225800000X,Non-ANC Provider Type,Other,Recreation Therapist,Undefined,499,source
225A00000X,Non-ANC Provider Type,Other,Music Therapist,Undefined,500,source
225B00000X,Non-ANC Provider Type,Other,Pulmonary Function Technologist,Undefined,501,source
225C00000X,Non-ANC Provider Type,Other,Rehabilitation Counselor,Undefined,502,source
225CA2400X,Non-ANC Provider Type,Other,Rehabilitation Counselor,Assistive Technology Practitioner,503,source
225CA2500X,Non-ANC Provider Type,Other,Rehabilitation Counselor,Assistive Technology Supplier,504,source
225CX0006X,Non-ANC Provider Type,Other,Rehabilitation Counselor,Orientation and Mobility Training Provider,505,source
225X00000X,Non-ANC Provider Type,Other,Occupational Therapist,Undefined,506,source
225XE0001X,Non-ANC Provider Type,Other,Occupational Therapist,Environmental Modification,507,source
225XE1200X,Non-ANC Provider Type,Other,Occupational Therapist,Ergonomics,508,source
225XF0002X,Non-ANC Provider Type,Other,Occupational Therapist,"Feeding, Eating & Swallowing",509,source
225XG0600X,Non-ANC Provider Type,Other,Occupational Therapist,Gerontology,510,source
225XH1200X,Non-ANC Provider Type,Other,Occupational Therapist,Hand,511,source
225XH1300X,Non-ANC Provider Type,Other,Occupational Therapist,Human Factors,512,source
225XL0004X,Non-ANC Provider Type,Other,Occupational Therapist,Low Vision,513,source
225XM0800X,Non-ANC Provider Type,Other,Occupational Therapist,Mental Health,514,source
225XN1300X,Non-ANC Provider Type,Other,Occupational Therapist,Neurorehabilitation,515,source
225XP0019X,Non-ANC Provider Type,Other,Occupational Therapist,Physical Rehabilitation,516,source
225XP0200X,Non-ANC Provider Type,Other,Occupational Therapist,Pediatrics,517,source
225XR0403X,Non-ANC Provider Type,Other,Occupational Therapist,Driving and Community Mobility,518,source
226000000X,Non-ANC Provider Type,Other,Recreational Therapist Assistant,Undefined,519,source
226300000X,Non-ANC Provider Type,Other,Kinesiotherapist,Undefined,520,source
227800000X,Non-ANC Provider Type,Other,"Respiratory Therapist, Certified",Undefined,521,source
2278C0205X,Non-ANC Provider Type,Other,"Respiratory Therapist, Certified",Critical Care,522,source
2278E0002X,Non-ANC Provider Type,Other,"Respiratory Therapist, Certified",Emergency Care,523,source
2278E1000X,Non-ANC Provider Type,Other,"Respiratory Therapist, Certified",Educational,524,source
2278G0305X,Non-ANC Provider Type,Other,"Respiratory Therapist, Certified",Geriatric Care,525,source
2278G1100X,Non-ANC Provider Type,Other,"Respiratory Therapist, Certified",General Care,526,source
2278H0200X,Non-ANC Provider Type,Other,"Respiratory Therapist, Certified",Home Health,527,source
2278P1004X,Non-ANC Provider Type,Other,"Respiratory Therapist, Certified",Pulmonary Diagnostics,528,source
2278P1005X,Non-ANC Provider Type,Other,"Respiratory Therapist, Certified",Pulmonary Rehabilitation,529,source
2278P1006X,Non-ANC Provider Type,Other,"Respiratory Therapist, Certified",Pulmonary Function Technologist,530,source
2278P3800X,Non-ANC Provider Type,Other,"Respiratory Therapist, Certified",Palliative/Hospice,531,source
2278P3900X,Non-ANC Provider Type,Other,"Respiratory Therapist, Certified",Neonatal/Pediatrics,532,source
2278P4000X,Non-ANC Provider Type,Other,"Respiratory Therapist, Certified",Patient Transport,533,source
2278S1500X,Non-ANC Provider Type,Other,"Respiratory Therapist, Certified",SNF/Subacute Care,534,source
227900000X,Non-ANC Provider Type,Other,"Respiratory Therapist, Registered",Undefined,535,source
2279C0205X,Non-ANC Provider Type,Other,"Respiratory Therapist, Registered",Critical Care,536,source
2279E0002X,Non-ANC Provider Type,Other,"Respiratory Therapist, Registered",Emergency Care,537,source
2279E1000X,Non-ANC Provider Type,Other,"Respiratory Therapist, Registered",Educational,538,source
2279G0305X,Non-ANC Provider Type,Other,"Respiratory Therapist, Registered",Geriatric Care,539,source
2279G1100X,Non-ANC Provider Type,Other,"Respiratory Therapist, Registered",General Care,540,source
2279H0200X,Non-ANC Provider Type,Other,"Respiratory Therapist, Registered",Home Health,541,source
2279P1004X,Non-ANC Provider Type,Other,"Respiratory Therapist, Registered",Pulmonary Diagnostics,542,source
2279P1005X,Non-ANC Provider Type,Other,"Respiratory Therapist, Registered",Pulmonary Rehabilitation,543,source
2279P1006X,Non-ANC Provider Type,Other,"Respiratory Therapist, Registered",Pulmonary Function Technologist,544,source
2279P3800X,Non-ANC Provider Type,Other,"Respiratory Therapist, Registered",Palliative/Hospice,545,source
2279P3900X,Non-ANC Provider Type,Other,"Respiratory Therapist, Registered",Neonatal/Pediatrics,546,source
2279P4000X,Non-ANC Provider Type,Other,"Respiratory Therapist, Registered",Patient Transport,547,source
2279S1500X,Non-ANC Provider Type,Other,"Respiratory Therapist, Registered",SNF/Subacute Care,548,source
229N00000X,Non-ANC Provider Type,Other,Anaplastologist,Undefined,549,source
231H00000X,Non-ANC Provider Type,Other,Audiologist,Undefined,550,source
231HA2400X,Non-ANC Provider Type,Other,Audiologist,Assistive Technology Practitioner,551,source
231HA2500X,Non-ANC Provider Type,Other,Audiologist,Assistive Technology Supplier,552,source
235500000X,Non-ANC Provider Type,Other,Specialist/Technologist,Undefined,553,source
2355A2700X,Non-ANC Provider Type,Other,Specialist/Technologist,Audiology Assistant,554,source
2355S0801X,Non-ANC Provider Type,Other,Specialist/Technologist,Speech-Language Assistant,555,source
235Z00000X,Non-ANC Provider Type,Other,Speech-Language Pathologist,Undefined,556,source
237600000X,Non-ANC Provider Type,Other,Audiologist-Hearing Aid Fitter,Undefined,557,source
237700000X,Non-ANC Provider Type,Other,Hearing Instrument Specialist,Undefined,558,source
242T00000X,Non-ANC Provider Type,Other,Perfusionist,Undefined,559,source
243U00000X,Non-ANC Provider Type,Other,Radiology Practitioner Assistant,Undefined,560,source
246Q00000X,Non-ANC Provider Type,Other,"Spec/Tech, Pathology",Undefined,561,source
246QB0000X,Non-ANC Provider Type,Other,"Spec/Tech, Pathology",Blood Banking,562,source
246QC1000X,Non-ANC Provider Type,Other,"Spec/Tech, Pathology",Chemistry,563,source
246QC2700X,Non-ANC Provider Type,Other,"Spec/Tech, Pathology",Cytotechnology,564,source
246QH0000X,Non-ANC Provider Type,Other,"Spec/Tech, Pathology",Hematology,565,source
246QH0401X,Non-ANC Provider Type,Other,"Spec/Tech, Pathology",Hemapheresis Practitioner,566,source
246QH0600X,Non-ANC Provider Type,Other,"Spec/Tech, Pathology",Histology,567,source
246QI0000X,Non-ANC Provider Type,Other,"Spec/Tech, Pathology",Immunology,568,source
246QL0900X,Non-ANC Provider Type,Other,"Spec/Tech, Pathology",Laboratory Management,569,source
246QL0901X,Non-ANC Provider Type,Other,"Spec/Tech, Pathology","Laboratory Management, Diplomate",570,source
246QM0706X,Non-ANC Provider Type,Other,"Spec/Tech, Pathology",Medical Technologist,571,source
246QM0900X,Non-ANC Provider Type,Other,"Spec/Tech, Pathology",Microbiology,572,source
246R00000X,Non-ANC Provider Type,Other,"Technician, Pathology",Undefined,573,source
246RH0600X,Non-ANC Provider Type,Other,"Technician, Pathology",Histology,574,source
246RM2200X,Non-ANC Provider Type,Other,"Technician, Pathology",Medical Laboratory,575,source
246RP1900X,Non-ANC Provider Type,Other,"Technician, Pathology",Phlebotomy,576,source
246W00000X,Non-ANC Provider Type,Other,"Technician, Cardiology",Undefined,577,source
246X00000X,Non-ANC Provider Type,Other,"Spec/Tech, Cardiovascular",Undefined,578,source
246XC2901X,Non-ANC Provider Type,Other,"Spec/Tech, Cardiovascular",Cardiovascular Invasive Specialist,579,source
246XC2903X,Non-ANC Provider Type,Other,"Spec/Tech, Cardiovascular",Vascular Specialist,580,source
246XS1301X,Non-ANC Provider Type,Other,"Spec/Tech, Cardiovascular",Sonography,581,source
246Y00000X,Non-ANC Provider Type,Other,"Spec/Tech, Health Info",Undefined,582,source
246Z00000X,Non-ANC Provider Type,Other,"Specialist/Technologist, Other",Undefined,583,source
246ZB0500X,Non-ANC Provider Type,Other,"Specialist/Technologist, Other",Biochemist,584,source
246ZC0007X,Non-ANC Provider Type,Other,"Specialist/Technologist, Other",Surgical Assistant,585,source
246ZE0500X,Non-ANC Provider Type,Other,"Specialist/Technologist, Other",EEG,586,source
246ZE0600X,Non-ANC Provider Type,Other,"Specialist/Technologist, Other",Electroneurodiagnostic,587,source
246ZG1000X,Non-ANC Provider Type,Other,"Specialist/Technologist, Other","Geneticist, Medical (PhD)",588,source
246ZN0300X,Non-ANC Provider Type,Other,"Specialist/Technologist, Other",Nephrology,589,source
246ZS0410X,Non-ANC Provider Type,Other,"Specialist/Technologist, Other",Surgical Technologist,590,source
246ZX2200X,Non-ANC Provider Type,Other,"Specialist/Technologist, Other",Orthopedic Assistant,591,source
247000000X,Non-ANC Provider Type,Other,"Technician, Health Information",Undefined,592,source
247100000X,Non-ANC Provider Type,Other,Radiologic Technologist,Undefined,593,source
2471B0102X,Non-ANC Provider Type,Other,Radiologic Technologist,Bone Densitometry,594,source
2471C1101X,Non-ANC Provider Type,Other,Radiologic Technologist,Cardiovascular-Interventional Technology,595,source
2471C1106X,Non-ANC Provider Type,Other,Radiologic Technologist,Cardiac-Interventional Technology,596,source
2471C3401X,Non-ANC Provider Type,Other,Radiologic Technologist,Computed Tomography,597,source
2471C3402X,Non-ANC Provider Type,Other,Radiologic Technologist,Radiography,598,source
2471M1202X,Non-ANC Provider Type,Other,Radiologic Technologist,Magnetic Resonance Imaging,599,source
2471M2300X,Non-ANC Provider Type,Other,Radiologic Technologist,Mammography,600,source
2471N0900X,Non-ANC Provider Type,Other,Radiologic Technologist,Nuclear Medicine Technology,601,source
2471Q0001X,Non-ANC Provider Type,Other,Radiologic Technologist,Quality Management,602,source
2471R0002X,Non-ANC Provider Type,Other,Radiologic Technologist,Radiation Therapy,603,source
2471S1302X,Non-ANC Provider Type,Other,Radiologic Technologist,Sonography,604,source
2471V0105X,Non-ANC Provider Type,Other,Radiologic Technologist,Vascular Sonography,605,source
2471V0106X,Non-ANC Provider Type,Other,Radiologic Technologist,Vascular-Interventional Technology,606,source
247200000X,Non-ANC Provider Type,Other,"Technician, Other",Undefined,607,source
2472E0500X,Non-ANC Provider Type,Other,"Technician, Other",EEG,608,source
2472R0900X,Non-ANC Provider Type,Other,"Technician, Other",Renal Dialysis,609,source
247ZC0005X,Non-ANC Provider Type,Other,Pathology,"Clinical Laboratory Director, Non-physician",610,source
251300000X,Non-ANC Provider Type,Other,Local Education Agency (LEA),Undefined,611,source
251B00000X,Non-ANC Provider Type,Other,Case Management,Undefined,612,source
251C00000X,Non-ANC Provider Type,Other,"Day Training, Developmentally Disabled Services",Undefined,613,source
251E00000X,Non-ANC Provider Type,Other,Home Health,Undefined,614,source
251F00000X,Non-ANC Provider Type,Other,Home Infusion,Undefined,615,source
251G00000X,Non-ANC Provider Type,Other,"Hospice Care, Community Based",Undefined,616,source
251J00000X,Non-ANC Provider Type,Other,Nursing Care,Undefined,617,source
251K00000X,Non-ANC Provider Type,Other,Public Health or Welfare,Undefined,618,source
251S00000X,Non-ANC Provider Type,Other,Community/Behavioral Health,Undefined,619,source
251T00000X,Non-ANC Provider Type,Other,PACE Provider Organization,Undefined,620,source
251V00000X,Non-ANC Provider Type,Other,Voluntary or Charitable,Undefined,621,source
251X00000X,Non-ANC Provider Type,Other,Supports Brokerage,Undefined,622,source
252Y00000X,Non-ANC Provider Type,Other,Early Intervention Provider Agency,Undefined,623,source
253J00000X,Non-ANC Provider Type,Other,Foster Care Agency,Undefined,624,source
253Z00000X,Non-ANC Provider Type,Other,In Home Supportive Care,Undefined,625,source
261Q00000X,Non-ANC Provider Type,Other,Clinic/Center,Undefined,626,source
261QA0005X,Non-ANC Provider Type,Other,Clinic/Center,Ambulatory Family Planning Facility,627,source
261QA0006X,Non-ANC Provider Type,Other,Clinic/Center,Ambulatory Fertility Facility,628,source
261QA0600X,Non-ANC Provider Type,Other,Clinic/Center,Adult Day Care,629,source
261QA0900X,Non-ANC Provider Type,Other,Clinic/Center,Amputee,630,source
261QA1903X,Non-ANC Provider Type,Other,Clinic/Center,Ambulatory Surgical,631,source
261QA3000X,Non-ANC Provider Type,Other,Clinic/Center,Augmentative Communication,632,source
261QB0400X,Mandatory Provider Type,Freestanding Birth Center,Clinic/Center,Birthing,633,source
261QC0050X,Non-ANC Provider Type,Other,Clinic/Center,Critical Access Hospital,634,source
261QC1500X,Non-ANC Provider Type,Other,Clinic/Center,Community Health,635,source
261QC1800X,Non-ANC Provider Type,Other,Clinic/Center,Corporate Health,636,source
261QD0000X,Dental Provider ,Dental Clinic ,Clinic/Center,Dental,637,source
261QD1600X,Non-ANC Provider Type,Other,Clinic/Center,Developmental Disabilities,638,source
261QE0002X,Non-ANC Provider Type,Other,Clinic/Center,Emergency Care,639,source
261QE0700X,Non-ANC Provider Type,Other,Clinic/Center,End-Stage Renal Disease (ESRD) Treatment,640,source
261QE0800X,Non-ANC Provider Type,Other,Clinic/Center,Endoscopy,641,source
261QF0050X,Non-ANC Provider Type,Other,Clinic/Center,"Family Planning, Non-Surgical",642,source
261QF0400X,Mandatory Provider Type,Federally Qualified Health Center,Clinic/Center,Federally Qualified Health Center (FQHC),643,source
261QG0250X,Non-ANC Provider Type,Other,Clinic/Center,Genetics,644,source
261QH0100X,Non-ANC Provider Type,Other,Clinic/Center,Health Service,645,source
261QH0700X,Non-ANC Provider Type,Other,Clinic/Center,Hearing and Speech,646,source
261QI0500X,Non-ANC Provider Type,Other,Clinic/Center,Infusion Therapy,647,source
261QL0400X,Non-ANC Provider Type,Other,Clinic/Center,Lithotripsy,648,source
261QM0801X,Non-ANC Provider Type,Other,Clinic/Center,Mental Health (Including Community Mental Health Center),649,source
261QM0850X,Non-ANC Provider Type,Other,Clinic/Center,Adult Mental Health,650,source
261QM0855X,Non-ANC Provider Type,Other,Clinic/Center,Adolescent and Children Mental Health,651,source
261QM1000X,Non-ANC Provider Type,Other,Clinic/Center,Migrant Health,652,source
261QM1100X,Non-ANC Provider Type,Other,Clinic/Center,Military/U.S. Coast Guard Outpatient,653,source
261QM1101X,Non-ANC Provider Type,Other,Clinic/Center,Military and U.S. Coast Guard Ambulatory Procedure,654,source
261QM1102X,Non-ANC Provider Type,Other,Clinic/Center,Military Outpatient Operational (Transportable) Component,655,source
261QM1103X,Non-ANC Provider Type,Other,Clinic/Center,Military Ambulatory Procedure Visits Operational (Transportable),656,source
261QM1200X,Non-ANC Provider Type,Other,Clinic/Center,Magnetic Resonance Imaging (MRI),657,source
261QM1300X,Non-ANC Provider Type,Other,Clinic/Center,Multi-Specialty,658,source
261QM2500X,Non-ANC Provider Type,Other,Clinic/Center,Medical Specialty,659,source
261QM2800X,Non-ANC Provider Type,Other,Clinic/Center,Methadone Clinic,660,source
261QM3000X,Non-ANC Provider Type,Other,Clinic/Center,Medically Fragile Intants and Children Day Care,661,source
261QP0904X,Non-ANC Provider Type,Other,Clinic/Center,"Public Health, Federal",662,source
261QP0905X,Non-ANC Provider Type,Other,Clinic/Center,"Public Health, State or Local",663,source
261QP1100X,Non-ANC Provider Type,Other,Clinic/Center,Podiatric,664,source
261QP2000X,Ancillary Provider,Physical Therapist,Clinic/Center,Physical Therapy,665,source
261QP2300X,Non-ANC Provider Type,Other,Clinic/Center,Primary Care,666,source
261QP2400X,Non-ANC Provider Type,Other,Clinic/Center,Prison Health,667,source
261QP3300X,Non-ANC Provider Type,Other,Clinic/Center,Pain,668,source
261QR0200X,Ancillary Provider,"Mammography Provider, MRI Provider",Clinic/Center,Radiology,669,source
261QR0206X,Non-ANC Provider Type,Other,Clinic/Center,"Radiology, Mammography",670,source
261QR0207X,Non-ANC Provider Type,Other,Clinic/Center,"Radiology, Mobile Mammography",671,source
261QR0208X,Ancillary Provider,Mammography Provider,Clinic/Center,"Radiology, Mobile",672,source
261QR0400X,Ancillary Provider,Physical Therapist,Clinic/Center,Rehabilitation,673,source
261QR0401X,Non-ANC Provider Type,Other,Clinic/Center,"Rehabilitation, Comprehensive Outpatient Rehabilitation Facility (CORF)",674,source
261QR0404X,Non-ANC Provider Type,Other,Clinic/Center,"Rehabilitation, Cardiac Facilities",675,source
261QR0405X,Non-ANC Provider Type,Other,Clinic/Center,"Rehabilitation, Substance Use Disorder",676,source
261QR0800X,Non-ANC Provider Type,Other,Clinic/Center,Recovery Care,677,source
261QR1100X,Non-ANC Provider Type,Other,Clinic/Center,Research,678,source
261QR1300X,Mandatory Provider Type,Rural Health Center,Clinic/Center,Rural Health,679,source
261QS0112X,Non-ANC Provider Type,Other,Clinic/Center,Oral and Maxillofacial Surgery,680,source
261QS0132X,Non-ANC Provider Type,Other,Clinic/Center,Ophthalmologic Surgery,681,source
261QS1000X,Non-ANC Provider Type,Other,Clinic/Center,Student Health,682,source
261QS1200X,Non-ANC Provider Type,Other,Clinic/Center,Sleep Disorder Diagnostic,683,source
261QU0200X,Non-ANC Provider Type,Other,Clinic/Center,Urgent Care,684,source
261QV0200X,Non-ANC Provider Type,Other,Clinic/Center,VA,685,source
261QX0100X,Non-ANC Provider Type,Other,Clinic/Center,Occupational Medicine,686,source
261QX0200X,Non-ANC Provider Type,Other,Clinic/Center,Oncology,687,source
261QX0203X,Non-ANC Provider Type,Other,Clinic/Center,"Oncology, Radiation",688,source
273100000X,Non-ANC Provider Type,Other,Epilepsy Unit,Undefined,689,source
273R00000X,Non-ANC Provider Type,Other,Psychiatric Unit,Undefined,690,source
273Y00000X,Non-ANC Provider Type,Other,Rehabilitation Unit,Undefined,691,source
275N00000X,Non-ANC Provider Type,Other,Medicare Defined Swing Bed Unit,Undefined,692,source
276400000X,Non-ANC Provider Type,Other,"Rehabilitation, Substance Use Disorder Unit",Undefined,693,source
281P00000X,Facilities,Hospitals,Chronic Disease Hospital,Undefined,694,source
281PC2000X,Facilities,Hospitals,Chronic Disease Hospital,Children,695,source
282E00000X,Facilities,Hospitals,Long Term Care Hospital,Undefined,696,source
282J00000X,Facilities,Hospitals,Religious Nonmedical Health Care Institution,Undefined,697,source
282N00000X,Facilities,Hospitals,General Acute Care Hospital,Undefined,698,source
282NC0060X,Facilities,Hospitals,General Acute Care Hospital,Critical Access,699,source
282NC2000X,Facilities,Hospitals,General Acute Care Hospital,Children,700,source
282NR1301X,Facilities,Hospitals,General Acute Care Hospital,Rural,701,source
282NW0100X,Facilities,Hospitals,General Acute Care Hospital,Women,702,source
283Q00000X,Facilities,Hospitals,Psychiatric Hospital,Undefined,703,source
283X00000X,Facilities,Hospitals,Rehabilitation Hospital,Undefined,704,source
283XC2000X,Facilities,Hospitals,Rehabilitation Hospital,Children,705,source
284300000X,Facilities,Hospitals,Special Hospital,Undefined,706,source
286500000X,Facilities,Hospitals,Military Hospital,Undefined,707,source
2865M2000X,Facilities,Hospitals,Military Hospital,Military General Acute Care Hospital,708,source
2865X1600X,Facilities,Hospitals,Military Hospital,Military General Acute Care Hospital. Operational (Transportable),709,source
291900000X,Non-ANC Provider Type,Other,Military Clinical Medical Laboratory,Undefined,710,source
291U00000X,Non-ANC Provider Type,Other,Clinical Medical Laboratory,Undefined,711,source
292200000X,Dental Provider ,Dental Laboratory,Dental Laboratory,Undefined,712,source
293D00000X,Non-ANC Provider Type,Other,Physiological Laboratory,Undefined,713,source
302F00000X,Non-ANC Provider Type,Other,Exclusive Provider Organization,Undefined,714,source
302R00000X,Non-ANC Provider Type,Other,Health Maintenance Organization,Undefined,715,source
305R00000X,Non-ANC Provider Type,Other,Preferred Provider Organization,Undefined,716,source
305S00000X,Non-ANC Provider Type,Other,Point of Service,Undefined,717,source
310400000X,Non-ANC Provider Type,Other,Assisted Living Facility,Undefined,718,source
3104A0625X,Non-ANC Provider Type,Other,Assisted Living Facility,"Assisted Living, Mental Illness",719,source
3104A0630X,Non-ANC Provider Type,Other,Assisted Living Facility,"Assisted Living, Behavioral Disturbances",720,source
310500000X,Facilities,Intermediate Care Faciltiy,"Intermediate Care Facility, Mental Illness",Undefined,721,source
311500000X,Non-ANC Provider Type,Other,Alzheimer Center (Dementia Center),Undefined,722,source
311Z00000X,Non-ANC Provider Type,Other,Custodial Care Facility,Undefined,723,source
311ZA0620X,Non-ANC Provider Type,Other,Custodial Care Facility,Adult Care Home,724,source
313M00000X,Facilities,Intermediate Care Faciltiy,Nursing Facility/Intermediate Care Facility,Undefined,725,source
314000000X,Facilities,Skilled Nursing Facility,Skilled Nursing Facility,Undefined,726,source
3140N1450X,Facilities,Skilled Nursing Facility,Skilled Nursing Facility,"Nursing Care, Pediatric",727,source
315D00000X,Non-ANC Provider Type,Other,"Hospice, Inpatient",Undefined,728,source
315P00000X,Facilities,Intermediate Care Faciltiy,"Intermediate Care Facility, Mentally Retarded",Undefined,729,source
320600000X,Non-ANC Provider Type,Other,"Residential Treatment Facility, Mental Retardation",Undefined,730,source
320700000X,Non-ANC Provider Type,Other,"Residential Treatment Facility, Physical Disabilities",Undefined,731,source
320800000X,Non-ANC Provider Type,Other,"Community Based Residential Treatment Facility, Mental Illness",Undefined,732,source
320900000X,Non-ANC Provider Type,Other,"Community Based Residential Treatment, Mental Retardation",Undefined,733,source
322D00000X,Non-ANC Provider Type,Other,"Residential Treatment Facility, Emotionally Disturbed Children",Undefined,734,source
323P00000X,Non-ANC Provider Type,Other,Psychiatric Residential Treatment Facility,Undefined,735,source
324500000X,Non-ANC Provider Type,Other,Substance Abuse Rehabilitation Facility,Undefined,736,source
3245S0500X,Non-ANC Provider Type,Other,Substance Abuse Rehabilitation Facility,"Substance Abuse Treatment, Children",737,source
331L00000X,Non-ANC Provider Type,Other,Blood Bank,Undefined,738,source
332000000X,Non-ANC Provider Type,Other,Military/U.S. Coast Guard Pharmacy,Undefined,739,source
332100000X,Non-ANC Provider Type,Other,Department of Veterans Affairs (VA) Pharmacy,Undefined,740,source
332800000X,Mandatory Provider Type,Indian Health Care Provider,Indian Health Service/Tribal/Urban Indian Health (I/T/U) Pharmacy,Undefined,741,source
332900000X,Non-ANC Provider Type,Other,Non-Pharmacy Dispensing Site,Undefined,742,source
332B00000X,Non-ANC Provider Type,Other,Durable Medical Equipment & Medical Supplies,Undefined,743,source
332BC3200X,Non-ANC Provider Type,Other,Durable Medical Equipment & Medical Supplies,Customized Equipment,744,source
332BD1200X,Non-ANC Provider Type,Other,Durable Medical Equipment & Medical Supplies,Dialysis Equipment & Supplies,745,source
332BN1400X,Non-ANC Provider Type,Other,Durable Medical Equipment & Medical Supplies,Nursing Facility Supplies,746,source
332BP3500X,Non-ANC Provider Type,Other,Durable Medical Equipment & Medical Supplies,Parenteral & Enteral Nutrition,747,source
332BX2000X,Non-ANC Provider Type,Other,Durable Medical Equipment & Medical Supplies,Oxygen Equipment & Supplies,748,source
332G00000X,Non-ANC Provider Type,Other,Eye Bank,Undefined,749,source
332H00000X,Non-ANC Provider Type,Other,"Eyewear Supplier (Equipment, not the service)",Undefined,750,source
332S00000X,Non-ANC Provider Type,Other,Hearing  Aid Equipment,Undefined,751,source
332U00000X,Non-ANC Provider Type,Other,Home Delivered Meals,Undefined,752,source
333300000X,Non-ANC Provider Type,Other,Emergency Response System Companies,Undefined,753,source
333600000X,Facilities,Pharmacies,Pharmacy,Undefined,754,source
3336C0002X,Facilities,Pharmacies,Pharmacy,Clinic Pharmacy,755,source
3336C0003X,Facilities,Pharmacies,Pharmacy,Community/Retail Pharmacy,756,source
3336C0004X,Facilities,Pharmacies,Pharmacy,Compounding Pharmacy,757,source
3336H0001X,Facilities,Pharmacies,Pharmacy,Home Infusion Therapy Pharmacy,758,source
3336I0012X,Facilities,Pharmacies,Pharmacy,Institutional Pharmacy,759,source
3336L0003X,Facilities,Pharmacies,Pharmacy,Long Term Care Pharmacy,760,source
3336M0002X,Facilities,Pharmacies,Pharmacy,Mail Order Pharmacy,761,source
3336M0003X,Facilities,Pharmacies,Pharmacy,Managed Care Organization Pharmacy,762,source
3336N0007X,Facilities,Pharmacies,Pharmacy,Nuclear Pharmacy,763,source
3336S0011X,Facilities,Pharmacies,Pharmacy,Specialty Pharmacy,764,source
335E00000X,Non-ANC Provider Type,Other,Prosthetic/Orthotic Supplier,Undefined,765,source
335G00000X,Non-ANC Provider Type,Other,Medical Foods Supplier,Undefined,766,source
335U00000X,Non-ANC Provider Type,Other,Organ Procurement Organization,Undefined,767,source
335V00000X,Non-ANC Provider Type,Other,Portable X-Ray Supplier,Undefined,768,source
341600000X,Non-ANC Provider Type,Other,Ambulance,Undefined,769,source
3416A0800X,Non-ANC Provider Type,Other,Ambulance,Air Transport,770,source
3416L0300X,Non-ANC Provider Type,Other,Ambulance,Land Transport,771,source
3416S0300X,Non-ANC Provider Type,Other,Ambulance,Water Transport,772,source
341800000X,Non-ANC Provider Type,Other,Military/U.S. Coast Guard Transport,Undefined,773,source
3418M1110X,Non-ANC Provider Type,Other,Military/U.S. Coast Guard Transport,"Military or U.S. Coast Guard Ambulance, Ground Transport",774,source
3418M1120X,Non-ANC Provider Type,Other,Military/U.S. Coast Guard Transport,"Military or U.S. Coast Guard Ambulance, Air Transport",775,source
3418M1130X,Non-ANC Provider Type,Other,Military/U.S. Coast Guard Transport,"Military or U.S. Coast Guard Ambulance, Water Transport",776,source
342000000X,Non-ANC Provider Type,Other,Transportation Services ,Transportation Network Company ,777,source
343800000X,Non-ANC Provider Type,Other,Secured Medical Transport (VAN),Undefined,778,source
343900000X,Non-ANC Provider Type,Other,Non-emergency Medical Transport (VAN),Undefined,779,source
344600000X,Non-ANC Provider Type,Other,Taxi,Undefined,780,source
344800000X,Non-ANC Provider Type,Other,Air Carrier,Undefined,781,source
347B00000X,Non-ANC Provider Type,Other,Bus,Undefined,782,source
347C00000X,Non-ANC Provider Type,Other,Private Vehicle,Undefined,783,source
347D00000X,Non-ANC Provider Type,Other,Train,Undefined,784,source
347E00000X,Non-ANC Provider Type,Other,Transportation Broker,Undefined,785,source
363A00000X,Non-Physician Medical Practitioner,Physician Assistant,Physician Assistant,Undefined,786,source
363AM0700X,Non-Physician Medical Practitioner,Physician Assistant,Physician Assistant,Medical,787,source
363AS0400X,Non-Physician Medical Practitioner,Physician Assistant,Physician Assistant,Surgical Technologist,788,source
363L00000X,Non-Physician Medical Practitioner,Nurse Practitioner,Nurse Practitioner,Undefined,789,source
363LA2100X,Non-Physician Medical Practitioner,Nurse Practitioner,Nurse Practitioner,Acute Care,790,source
363LA2200X,Non-Physician Medical Practitioner,Nurse Practitioner,Nurse Practitioner,Adult Health,791,source
363LC0200X,Non-Physician Medical Practitioner,Nurse Practitioner,Nurse Practitioner,Critical Care Medicine,792,source
363LC1500X,Non-Physician Medical Practitioner,Nurse Practitioner,Nurse Practitioner,Community Health,793,source
363LF0000X,Non-Physician Medical Practitioner,Nurse Practitioner,Nurse Practitioner,Family,794,source
363LG0600X,Non-Physician Medical Practitioner,Nurse Practitioner,Nurse Practitioner,Gerontology,795,source
363LN0000X,Non-Physician Medical Practitioner,Nurse Practitioner,Nurse Practitioner,Neonatal,796,source
363LN0005X,Non-Physician Medical Practitioner,Nurse Practitioner,Nurse Practitioner,"Neonatal, Critical Care",797,source
363LP0200X,Non-Physician Medical Practitioner,Nurse Practitioner,Nurse Practitioner,Pediatrics,798,source
363LP0222X,Non-Physician Medical Practitioner,Nurse Practitioner,Nurse Practitioner,"Pediatrics, Critical Care",799,source
363LP0808X,Non-Physician Medical Practitioner,Nurse Practitioner,Nurse Practitioner,Psych/Mental Health,800,source
363LP1700X,Non-Physician Medical Practitioner,Nurse Practitioner,Nurse Practitioner,Perinatal,801,source
363LP2300X,Non-Physician Medical Practitioner,Nurse Practitioner,Nurse Practitioner,Primary Care,802,source
363LS0200X,Non-Physician Medical Practitioner,Nurse Practitioner,Nurse Practitioner,School,803,source
363LW0102X,Non-Physician Medical Practitioner,Nurse Practitioner,Nurse Practitioner,Women's Health,804,source
363LX0001X,Non-Physician Medical Practitioner,Nurse Practitioner,Nurse Practitioner,Obstetrics & Gynecology,805,source
363LX0106X,Non-Physician Medical Practitioner,Nurse Practitioner,Nurse Practitioner,Occupational Health,806,source
364S00000X,Non-ANC Provider Type,Other,Clinical Nurse Specialist,Undefined,807,source
364SA2100X,Non-ANC Provider Type,Other,Clinical Nurse Specialist,Acute Care,808,source
364SA2200X,Non-ANC Provider Type,Other,Clinical Nurse Specialist,Adult Health,809,source
364SC0200X,Non-ANC Provider Type,Other,Clinical Nurse Specialist,Critical Care Medicine,810,source
364SC1501X,Non-ANC Provider Type,Other,Clinical Nurse Specialist,Community Health/Public Health,811,source
364SC2300X,Non-ANC Provider Type,Other,Clinical Nurse Specialist,Chronic Care,812,source
364SE0003X,Non-ANC Provider Type,Other,Clinical Nurse Specialist,Emergency,813,source
364SE1400X,Non-ANC Provider Type,Other,Clinical Nurse Specialist,Ethics,814,source
364SF0001X,Non-ANC Provider Type,Other,Clinical Nurse Specialist,Family Health,815,source
364SG0600X,Non-ANC Provider Type,Other,Clinical Nurse Specialist,Gerontology,816,source
364SH0200X,Non-ANC Provider Type,Other,Clinical Nurse Specialist,Home Health,817,source
364SH1100X,Non-ANC Provider Type,Other,Clinical Nurse Specialist,Holistic,818,source
364SI0800X,Non-ANC Provider Type,Other,Clinical Nurse Specialist,Informatics,819,source
364SL0600X,Non-ANC Provider Type,Other,Clinical Nurse Specialist,Long-Term Care,820,source
364SM0705X,Non-ANC Provider Type,Other,Clinical Nurse Specialist,Medical-Surgical,821,source
364SN0000X,Non-ANC Provider Type,Other,Clinical Nurse Specialist,Neonatal,822,source
364SN0800X,Non-ANC Provider Type,Other,Clinical Nurse Specialist,Neuroscience,823,source
364SP0200X,Non-ANC Provider Type,Other,Clinical Nurse Specialist,Pediatrics,824,source
364SP0807X,Non-ANC Provider Type,Other,Clinical Nurse Specialist,"Psych/Mental Health, Child & Adolescent",825,source
364SP0808X,Non-ANC Provider Type,Other,Clinical Nurse Specialist,Psych/Mental Health,826,source
364SP0809X,Non-ANC Provider Type,Other,Clinical Nurse Specialist,"Psych/Mental Health, Adult",827,source
364SP0810X,Non-ANC Provider Type,Other,Clinical Nurse Specialist,"Psych/Mental Health, Child & Family",828,source
364SP0811X,Non-ANC Provider Type,Other,Clinical Nurse Specialist,"Psych/Mental Health, Chronically Ill",829,source
364SP0812X,Non-ANC Provider Type,Other,Clinical Nurse Specialist,"Psych/Mental Health, Community",830,source
364SP0813X,Non-ANC Provider Type,Other,Clinical Nurse Specialist,"Psych/Mental Health, Geropsychiatric",831,source
364SP1700X,Non-ANC Provider Type,Other,Clinical Nurse Specialist,Perinatal,832,source
364SP2800X,Non-ANC Provider Type,Other,Clinical Nurse Specialist,Perioperative,833,source
364SR0400X,Non-ANC Provider Type,Other,Clinical Nurse Specialist,Rehabilitation,834,source
364SS0200X,Non-ANC Provider Type,Other,Clinical Nurse Specialist,School,835,source
364ST0500X,Non-ANC Provider Type,Other,Clinical Nurse Specialist,Transplantation,836,source
364SW0102X,Non-ANC Provider Type,Other,Clinical Nurse Specialist,Women's Health,837,source
364SX0106X,Non-ANC Provider Type,Other,Clinical Nurse Specialist,Occupational Health,838,source
364SX0200X,Non-ANC Provider Type,Other,Clinical Nurse Specialist,Oncology,839,source
364SX0204X,Non-ANC Provider Type,Other,Clinical Nurse Specialist,"Oncology, Pediatrics",840,source
367500000X,Non-ANC Provider Type,Other,"Nurse Anesthetist, Certified Registered",Undefined,841,source
367A00000X,Mandatory Provider Type,Certified Nurse Midwife,Advanced Practice Midwife,Undefined,842,source
367H00000X,Non-ANC Provider Type,Other,Anesthesiologist Assistant,Undefined,843,source
372500000X,Non-ANC Provider Type,Other,Chore Provider,Undefined,844,source
372600000X,Non-ANC Provider Type,Other,Adult Companion,Undefined,845,source
373H00000X,Non-ANC Provider Type,Other,Day Training/Habilitation Specialist,Undefined,846,source
374700000X,Non-ANC Provider Type,Other,Technician,Undefined,847,source
3747A0650X,Non-ANC Provider Type,Other,Technician,Attendant Care Provider,848,source
3747P1801X,Non-ANC Provider Type,Other,Technician,Personal Care Attendant,849,source
374J00000X,Non-ANC Provider Type,Other,Doula,Undefined,850,source
374K00000X,Non-ANC Provider Type,Other,Religious Nonmedical Practitioner,Undefined,851,source
374T00000X,Non-ANC Provider Type,Other,Religious Nonmedical Nursing Personnel,Undefined,852,source
374U00000X,Non-ANC Provider Type,Other,Home Health Aide,Undefined,853,source
376G00000X,Non-ANC Provider Type,Other,Nursing Home Administrator,Undefined,854,source
376J00000X,Non-ANC Provider Type,Other,Homemaker,Undefined,855,source
376K00000X,Non-ANC Provider Type,Other,Nurse's Aide,Undefined,856,source
385H00000X,Non-ANC Provider Type,Other,Respite Care,Undefined,857,source
385HR2050X,Non-ANC Provider Type,Other,Respite Care,Respite Care Camp,858,source
385HR2055X,Non-ANC Provider Type,Other,Respite Care,"Respite Care, Mental Illness, Child",859,source
385HR2060X,Non-ANC Provider Type,Other,Respite Care,"Respite Care, Mental Retardation and/or Developmental Disabilities, Child",860,source
385HR2065X,Non-ANC Provider Type,Other,Respite Care,"Respite Care, Physical Disabilities, Child",861,source
390200000X,Non-ANC Provider Type,Other,Student in an Organized Health Care Education/Training Program,Undefined,862,source
405300000X,Non-ANC Provider Type,Other,Prevention Professional,Undefined,863,source
