source,source_code,source_name,source_category,nucc_code,nucc_grouping,nucc_classification,nucc_specialization,nucc_definition,match_confidence
DIFS,001,General Practice,Primary Care,208D00000X,Allopathic & Osteopathic Physicians,General Practice,,"A physician who specializes in the general practice of diagnosing, treating, and managing patients with a variety of illnesses and conditions.",best-effort
DIFS,002,Family Medicine,Primary Care,207Q00000X,Allopathic & Osteopathic Physicians,Family Medicine,,"Family Medicine is the medical specialty which is concerned with the total health care of the individual and the family. It is the specialty in breadth which integrates the biological, clinical, and behavioral sciences. The scope of family medicine is not limited by age, sex, organ system, or disease entity.",best-effort
DIFS,003,Internal Medicine,Primary Care,207R00000X,Allopathic & Osteopathic Physicians,Internal Medicine,,"A physician who provides long-term, comprehensive care in the office and the hospital, managing both common and complex illness of adolescents, adults and the elderly. Internists are trained in the diagnosis and treatment of cancer, infections and diseases affecting the heart, blood, kidneys, joints and digestive, respiratory and vascular systems. They are also trained in the essentials of primary care internal medicine, which incorporates an understanding of disease prevention, wellness, substance abuse, mental health and effective treatment of common problems of the eyes, ears, skin, nervous system and reproductive organs.",best-effort
DIFS,004,Geriatrics,Primary Care,207RG0300X,,Internal Medicine,,Geriatric Medicine (Internal Medicine) Physician,best-effort
DIFS,005,Primary Care - PA,Primary Care,363A00000X,Physician Assistants & Advanced Practice Nursing Providers,Physician Assistant,,"A physician assistant is a person who has successfully completed an accredited education program for physician assistant, is licensed by the state and is practicing within the scope of that license. Physician assistants are formally trained to perform many of the routine, time-consuming tasks a physician can do. In some states, they may prescribe medications. They take medical histories, perform physical exams, order lab tests and x-rays, and give inoculations. Most states require that they work under the supervision of a physician.",best-effort
DIFS,006,Primary Care - Advanced Reg NP,Primary Care,363L00000X,Physician Assistants & Advanced Practice Nursing Providers,Nurse Practitioner,,"(1) A registered nurse provider with a graduate degree in nursing prepared for advanced practice involving independent and interdependent decision making and direct accountability for clinical judgment across the health care continuum or in a certified specialty. (2) A registered nurse who has completed additional training beyond basic nursing education and who provides primary health care services in accordance with state nurse practice laws or statutes. Tasks performed by nurse practitioners vary with practice requirements mandated by geographic, political, economic, and social factors. Nurse practitioner specialists include, but are not limited to, family nurse practitioners, gerontological nurse practitioners, pediatric nurse practitioners, obstetric-gynecologic nurse practitioners, and school nurse practitioners.",best-effort
DIFS,007,Allergy and Immunology,Specialist,207K00000X,Allopathic & Osteopathic Physicians,Allergy & Immunology,,"An allergist-immunologist is trained in evaluation, physical and laboratory diagnosis, and management of disorders involving the immune system. Selected examples of such conditions include asthma, anaphylaxis, rhinitis, eczema, and adverse reactions to drugs, foods, and insect stings as well as immune deficiency diseases (both acquired and congenital), defects in host defense, and problems related to autoimmune disease, organ transplantation, or malignancies of the immune system.",best-effort
DIFS,008,Cardiology,Specialist,207RC0000X,Allopathic & Osteopathic Physicians,Internal Medicine,Cardiovascular Disease,"An internist who specializes in diseases of the heart and blood vessels and manages complex cardiac conditions such as heart attacks and life-threatening, abnormal heartbeat rhythms.",best-effort
DIFS,010,Chiropractor,Ancillary,111N00000X,Chiropractic Providers,Chiropractor,,"A provider qualified by a Doctor of Chiropractic (D.C.), licensed by the State and who practices chiropractic medicine -that discipline within the healing arts which deals with the nervous system and its relationship to the spinal column and its interrelationship with other body systems.",best-effort
DIFS,011,Dermatology,Specialist,207N00000X,Allopathic & Osteopathic Physicians,Dermatology,,"A dermatologist is trained to diagnose and treat pediatric and adult patients with benign and malignant disorders of the skin, mouth, external genitalia, hair and nails, as well as a number of sexually transmitted diseases. The dermatologist has had additional training and experience in the diagnosis and treatment of skin cancers, melanomas, moles and other tumors of the skin, the management of contact dermatitis and other allergic and nonallergic skin disorders, and in the recognition of the skin manifestations of systemic (including internal malignancy) and infectious diseases. Dermatologists have special training in dermatopathology and in the surgical techniques used in dermatology. They also have expertise in the management of cosmetic disorders of the skin such as hair loss and scars and the skin changes associated with aging.",best-effort
DIFS,012,Endocrinology,Specialist,207RE0101X,,Internal Medicine,,"Endocrinology, Diabetes & Metabolism Physician",best-effort
DIFS,013,ENT/Otolaryngology,Specialist,207Y00000X,,Otolaryngology,,Otolaryngology Physician,best-effort
DIFS,014,Gastroenterology,Specialist,207RG0100X,,Internal Medicine,,Gastroenterology Physician,best-effort
DIFS,015,General Surgery,Specialist,208600000X,Allopathic & Osteopathic Physicians,Surgery,,"A general surgeon has expertise related to the diagnosis - preoperative, operative and postoperative management - and management of complications of surgical conditions in the following areas: alimentary tract; abdomen; breast, skin and soft tissue; endocrine system; head and neck surgery; pediatric surgery; surgical critical care; surgical oncology; trauma and burns; and vascular surgery. General surgeons increasingly provide care through the use of minimally invasive and endoscopic techniques. Many general surgeons also possess expertise in transplantation surgery, plastic surgery and cardiothoracic surgery.",best-effort
DIFS,016,Gynecology (OB/GYN),OB/GYN,207V00000X,,Obstetrics & Gynecology,,Obstetrics & Gynecology Physician,best-effort
DIFS,017,Infectious Diseases,Specialist,207RI0001X,Allopathic & Osteopathic Physicians,Internal Medicine,Clinical & Laboratory Immunology,An internal medicine physician who specializes in clinical and laboratory immunology disease management.,best-effort
DIFS,018,Nephrology,Specialist,207RN0300X,,Internal Medicine,,Nephrology Physician,best-effort
DIFS,019,Neurology,Specialist,2084N0400X,Allopathic & Osteopathic Physicians,Psychiatry & Neurology,Neurology,"A Neurologist specializes in the diagnosis and treatment of diseases or impaired function of the brain, spinal cord, peripheral nerves, muscles, autonomic nervous system, and blood vessels that relate to these structures.",best-effort
DIFS,020,Neurosurgery,Specialist,207T00000X,Allopathic & Osteopathic Physicians,Neurological Surgery,,"A neurological surgeon provides the operative and non-operative management (i.e., prevention, diagnosis, evaluation, treatment, critical care, and rehabilitation) of disorders of the central, peripheral, and autonomic nervous systems, including their supporting structures and vascular supply; the evaluation and treatment of pathological processes which modify function or activity of the nervous system; and the operative and non-operative management of pain. A neurological surgeon treats patients with disorders of the nervous system; disorders of the brain, meninges, skull, and their blood supply, including the extracranial carotid and vertebral arteries; disorders of the pituitary gland; disorders of the spinal cord, meninges, and vertebral column, including those which may require treatment by spinal fusion or instrumentation; and disorders of the cranial and spinal nerves throughout their distribution.",best-effort
DIFS,021,Oncology - Medical & Surgical,Specialist,207RX0202X,,Internal Medicine,,Medical Oncology Physician,best-effort
DIFS,022,Oncology - Radiation,Specialist,2085R0001X,Allopathic & Osteopathic Physicians,Radiology,Radiation Oncology,"A radiologist who deals with the therapeutic applications of radiant energy and its modifiers and the study and management of disease, especially malignant tumors.",best-effort
DIFS,023,Ophthalmology,Specialist,207W00000X,Allopathic & Osteopathic Physicians,Ophthalmology,,"An ophthalmologist has the knowledge and professional skills needed to provide comprehensive eye and vision care. Ophthalmologists are medically trained to diagnose, monitor and medically or surgically treat all ocular and visual disorders. This includes problems affecting the eye and its component structures, the eyelids, the orbit and the visual pathways. In so doing, an ophthalmologist prescribes vision services, including glasses and contact lenses.",best-effort
DIFS,025,Orthopedic Surgery,Specialist,207X00000X,Allopathic & Osteopathic Physicians,Orthopaedic Surgery,,"An orthopaedic surgeon is trained in the preservation, investigation and restoration of the form and function of the extremities, spine and associated structures by medical, surgical and physical means.  An orthopaedic surgeon is involved with the care of patients whose musculoskeletal problems include congenital deformities, trauma, infections, tumors, metabolic disturbances of the musculoskeletal system, deformities, injuries and degenerative diseases of the spine, hands, feet, knee, hip, shoulder and elbow in children and adults. An orthopaedic surgeon is also concerned with primary and secondary muscular problems and the effects of central or peripheral nervous system lesions of the musculoskeletal system.",best-effort
DIFS,026,Physical Medicine & Rehabilitation,Specialist,208100000X,Allopathic & Osteopathic Physicians,Physical Medicine & Rehabilitation,,"Physical medicine and rehabilitation, also referred to as rehabilitation medicine, is the medical specialty concerned with diagnosing, evaluating, and treating patients with physical disabilities. These disabilities may arise from conditions affecting the musculoskeletal system such as neck and back pain, sports injuries, or other painful conditions affecting the limbs, such as carpal tunnel syndrome. Alternatively, the disabilities may result from neurological trauma or disease such as spinal cord injury, head injury or stroke. A physician certified in physical medicine and rehabilitation is often called a physiatrist. The primary goal of the physiatrist is to achieve maximal restoration of physical, psychological, social and vocational function through comprehensive rehabilitation. Pain management is often an important part of the role of the physiatrist. For diagnosis and evaluation, a physiatrist may include the techniques of electromyography to supplement the standard history, physical, x-ray and laboratory examinations. The physiatrist has expertise in the appropriate use of therapeutic exercise, prosthetics (artificial limbs), orthotics and mechanical and electrical devices.",best-effort
DIFS,027,Plastic Surgery,Specialist,208200000X,Allopathic & Osteopathic Physicians,Plastic Surgery,,"A plastic surgeon deals with the repair, reconstruction or replacement of physical defects of form or function involving the skin, musculoskeletal system, craniomaxillofacial structures, hand, extremities, breast and trunk and external genitalia or cosmetic enhancement of these areas of the body. Cosmetic surgery is an essential component of plastic surgery. The plastic surgeon uses cosmetic surgical principles to both improve overall appearance and to optimize the outcome of reconstructive procedures. The surgeon uses aesthetic surgical principles not only to improve undesirable qualities of normal structures but in all reconstructive procedures as well.",best-effort
DIFS,028,Podiatry,Specialist,213E00000X,Podiatric Medicine & Surgery Service Providers,Podiatrist,,"A podiatrist is a person qualified by a Doctor of Podiatric Medicine (D.P.M.) degree, licensed by the state, and practicing within the scope of that license. Podiatrists diagnose and treat foot diseases and deformities. They perform medical, surgical and other operative procedures, prescribe corrective devices and prescribe and administer drugs and physical therapy.",best-effort
DIFS,029,Psychiatry,Behavioral Health,2084P0800X,Allopathic & Osteopathic Physicians,Psychiatry & Neurology,Psychiatry,"A Psychiatrist specializes in the prevention, diagnosis, and treatment of mental disorders, emotional disorders, psychotic disorders, mood disorders, anxiety disorders, substance-related disorders, sexual and gender identity disorders and adjustment disorders. Biologic, psychological, and social components of illnesses are explored and understood in treatment of the whole person. Tools used may include diagnostic laboratory tests, prescribed medications, evaluation and treatment of psychological and interpersonal problems with individuals and families, and intervention for coping with stress, crises, and other problems.",best-effort
DIFS,030,Pulmonology,Specialist,207RP1001X,Allopathic & Osteopathic Physicians,Internal Medicine,Pulmonary Disease,"An internist who treats diseases of the lungs and airways. The pulmonologist diagnoses and treats cancer, pneumonia, pleurisy, asthma, occupational and environmental diseases, bronchitis, sleep disorders, emphysema and other complex disorders of the lungs.",best-effort
DIFS,031,Rheumatology,Specialist,207RR0500X,,Internal Medicine,,Rheumatology Physician,best-effort
DIFS,033,Urology,Specialist,208800000X,Allopathic & Osteopathic Physicians,Urology,,"A urologist manages benign and malignant medical and surgical disorders of the genitourinary system and the adrenal gland. This specialist has comprehensive knowledge of and skills in endoscopic, percutaneous and open surgery of congenital and acquired conditions of the urinary and reproductive systems and their contiguous structures.",best-effort
DIFS,034,Vascular Surgery,Specialist,2086S0129X,,Surgery,,Vascular Surgery Physician,best-effort
DIFS,035,Cardiothoracic Surgery,Specialist,208G00000X,Allopathic & Osteopathic Physicians,Thoracic Surgery (Cardiothoracic Vascular Surgery),,"A thoracic surgeon provides the operative, perioperative and critical care of patients with pathologic conditions within the chest. Included is the surgical care of coronary artery disease, cancers of the lung, esophagus and chest wall, abnormalities of the trachea, abnormalities of the great vessels and heart valves, congenital anomalies, tumors of the mediastinum and diseases of the diaphragm. The management of the airway and injuries of the chest is within the scope of the specialty.",best-effort
DIFS,037,Emergency Medicine,Specialist,207P00000X,Allopathic & Osteopathic Physicians,Emergency Medicine,,"An emergency physician focuses on the immediate decision making and action necessary to prevent death or any further disability both in the pre-hospital setting by directing emergency medical technicians and in the emergency department. The emergency physician provides immediate recognition, evaluation, care, stabilization and disposition of a generally diversified population of adult and pediatric patients in response to acute illness and injury.",best-effort
DIFS,049,Physical Therapy,Ancillary,225100000X,"Respiratory, Developmental, Rehabilitative and Restorative Service Providers",Physical Therapist,,"Physical therapists (PTs) are licensed health care professionals who diagnose and treat individuals of all ages, from newborns to the very oldest, who have medical problems or other health-related conditions that limit their abilities to move and perform functional activities in their daily lives. PTs examine each individual and develop a plan using treatment techniques to promote the ability to move, reduce pain, restore function, and prevent disability. In addition, PTs work with individuals to prevent the loss of mobility before it occurs by developing fitness- and wellness-oriented programs for healthier and more active lifestyles. PTs: 1.Diagnose and manage movement dysfunction and enhance physical and functional abilities. 2.Restore, maintain, and promote not only optimal physical function but optimal wellness and fitness and optimal quality of life as it relates to movement and health. 3.Prevent the onset, symptoms, and progression of impairments, functional limitations, and disabilities that may result from diseases, disorders, conditions, or injuries. 4.Treat conditions of the musculoskeletal, neuromuscular, cardiovascular, pulmonary, and/or integumentary systems. 5.Address the negative effects attributable to unique personal and environmental factors as they relate to human performance. 6.PTs provide care for people in a variety of settings, including hospitals, private practices, outpatient clinics, home health agencies, schools, sports and fitness facilities, work settings, and nursing homes. State licensure is required in each state in which a PT practices.",best-effort
DIFS,050,Occupational Therapy,Ancillary,225X00000X,,Occupational Therapist,,Occupational Therapist,best-effort
DIFS,051,Speech Therapy,Ancillary,235Z00000X,"Speech, Language and Hearing Service Providers",Speech-Language Pathologist,,"The speech-language pathologist is the professional who engages in clinical services, prevention, advocacy, education, administration, and research in the areas of communication and swallowing across the life span from infancy through geriatrics. Speech-language pathologists address typical and atypical impairments and disorders related to communication and swallowing in the areas of speech sound production, resonance, voice, fluency, language (comprehension and expression), cognition, and feeding and swallowing.",best-effort
DIFS,101,Primary Care - Pediatric,Primary Care,208000000X,Allopathic & Osteopathic Physicians,Pediatrics,,"A pediatrician is concerned with the physical, emotional and social health of children from birth to young adulthood. Care encompasses a broad spectrum of health services ranging from preventive healthcare to the diagnosis and treatment of acute and chronic diseases. A pediatrician deals with biological, social and environmental influences on the developing child, and with the impact of disease and dysfunction on development.",best-effort
DIFS,102,Social Worker,Behavioral Health,104100000X,Behavioral Health & Social Service Providers,Social Worker,,"A social worker is a person who is qualified by a Social Work degree, and licensed, certified or registered by the state as a social worker to practice within the scope of that license.  A social worker provides assistance and counseling to clients and their families who are dealing with social, emotional and environmental problems. Social work services may be rendered to individuals, families, groups, and the public.",best-effort
DIFS,103,Psychologist,Behavioral Health,103TC0700X,Behavioral Health & Social Service Providers,Psychologist,Clinical,"A psychologist who provides continuing and comprehensive mental and behavioral health care for individuals and families; consultation to agencies and communities; training, education and supervision; and research-based practice. It is a specialty in breadth -- one that is broadly inclusive of severe psychopathology -- and marked by comprehensiveness and integration of knowledge and skill from a broad array of disciplines within and outside of psychology proper. The scope of clinical psychology encompasses all ages, multiple diversities and varied systems.",best-effort
DIFS,105,Marriage & Family Therapist,Behavioral Health,106H00000X,,Marriage & Family Therapist,,Marriage & Family Therapist,best-effort
DIFS,106,Addiction (SUD) Counselor,Behavioral Health,101YP2500X,Behavioral Health & Social Service Providers,Counselor,Professional,Definition to come...,best-effort
DIFS,107,Counselor (Mental Health & Professional),Behavioral Health,101YM0800X,,Counselor,,Mental Health Counselor,best-effort
DIFS,108,Behavioral Health - Advanced Practice RN,Behavioral Health,363L00000X,Physician Assistants & Advanced Practice Nursing Providers,Nurse Practitioner,,"(1) A registered nurse provider with a graduate degree in nursing prepared for advanced practice involving independent and interdependent decision making and direct accountability for clinical judgment across the health care continuum or in a certified specialty. (2) A registered nurse who has completed additional training beyond basic nursing education and who provides primary health care services in accordance with state nurse practice laws or statutes. Tasks performed by nurse practitioners vary with practice requirements mandated by geographic, political, economic, and social factors. Nurse practitioner specialists include, but are not limited to, family nurse practitioners, gerontological nurse practitioners, pediatric nurse practitioners, obstetric-gynecologic nurse practitioners, and school nurse practitioners.",best-effort
DIFS,201,Dental - General,Dental,122300000X,Dental Providers,Dentist,,"A dentist is a person qualified by a doctorate in dental surgery (D.D.S.) or dental medicine (D.M.D.), licensed by the state to practice dentistry, and practicing within the scope of that license.  There is no difference between the two degrees: dentists who have a DMD or DDS have the same education.  Universities have the prerogative to determine what degree is awarded.  Both degrees use the same curriculum requirements set by the American Dental Association's Commission on Dental Accreditation.  Generally, three or more years of undergraduate education plus four years of dental school is required to graduate and become a general dentist.  State licensing boards accept either degree as equivalent, and both degrees allow licensed individuals to practice the same scope of general dentistry.  Additional post-graduate training is required to become a dental specialist.",best-effort
DIFS,202,Dental - Orthodontist,Dental,1223X0400X,,Dentist,,Orthodontics and Dentofacial Orthopedics Dentistry,best-effort
DIFS,203,Dental - Periodontist,Dental,1223D0004X,Dental Providers,Dentist,Dental Anesthesiology,"A dentist who has successfully completed an accredited postdoctoral anesthesiology residency training program for dentists of two or more years duration, in accord with Commission on Dental Accreditation's Standards for Dental Anesthesiology Residency Programs, and/or meets the eligibility requirements for examination by the American Dental Board of Anesthesiology.",best-effort
DIFS,204,Dental - Endodontist,Dental,1223E0200X,,Dentist,,Endodontics,best-effort
DIFS,206,Dental - Prosthodontist,Dental,1223P0700X,Dental Providers,Dentist,Prosthodontics,"That branch of dentistry pertaining to the restoration and maintenance of oral functions, comfort, appearance and health of the patient by the restoration of natural teeth and/or the replacement of missing teeth and contiguous oral and maxillofacial tissues with artificial substitutes.",best-effort
DIFS,P201,Pediatric Dental,Dental,1223D0001X,Dental Providers,Dentist,Dental Public Health,"The science and art of preventing and controlling dental diseases and promoting dental health through organized community efforts.  It is that form of dental practice that serves the community as a patient rather than the individual.  It is concerned with the dental health education of the public, with applied dental research, and with the administration of group dental care programs as well as the prevention and control of dental diseases on a community basis.",best-effort
DIFS,800,Addiction Medicine Physician,Behavioral Health,207RA0401X,Allopathic & Osteopathic Physicians,Internal Medicine,Addiction Medicine,An internist doctor of osteopathy that specializes in the treatment of addiction disorders.  A doctor of osteopathy that is board eligible/certified by the American Osteopathic Board of Internal Medicine can obtain a Certificate of Added Qualifications in the field of Addiction Medicine.,best-effort
DIFS,801,Behavioral Analyst,Behavioral Health,101YP2500X,Behavioral Health & Social Service Providers,Counselor,Professional,Definition to come...,best-effort
DIFS,040,Acute Inpatient Hospitals,Facility,,,,,,best-effort
DIFS,041,Cardiac Surgery Program,Facility,,,,,,best-effort
DIFS,042,Cardiac Catheterization Services,Facility,,,,,,best-effort
DIFS,043,Critical Care Services - ICU,Facility,,,,,,best-effort
DIFS,045,Surgical Services (ASC/Outpatient),Facility,,,,,,best-effort
DIFS,046,Skilled Nursing Facilities,Facility,,,,,,best-effort
DIFS,047,Diagnostic Radiology,Facility,,,,,,best-effort
DIFS,048,Mammography,Facility,,,,,,best-effort
DIFS,052,Inpatient Psychiatry,Facility,,,,,,best-effort
DIFS,057,Outpatient Infusion/Chemotherapy,Facility,,,,,,best-effort
DIFS,072,Substance Abuse Rehabilitation Facility,Facility,,,,,,best-effort
DIFS,076,Mental Health Residential Treatment Facility,Facility,,,,,,best-effort
DIFS,080,Urgent Care,Facility,,,,,,best-effort
DIFS,P072,Children's Substance Abuse Rehabilitation Facility,Facility,,,,,,best-effort
DIFS,P076,Children's Residential Treatment Facility,Facility,,,,,,best-effort
