taxonomy_level2_code,taxonomy_level2_description,nucc_code,taxonomy_level3_description,enrollment_types,ccnc_ca_eligible,match_confidence
101Y00000X,Counselor,101YA0400X,Addiction (Substance Use Disorder),INDIVIDUAL,No,source
101Y00000X,Counselor,101YM0800X,Mental Health,INDIVIDUAL,No,source
101Y00000X,Counselor,101YP2500X,Professional,INDIVIDUAL,No,source
103K00000X,Behavior Analyst,,,INDIVIDUAL,No,source
103T00000X,Psychologist,,,INDIVIDUAL,No,source
104100000X,Social Worker,1041C0700X,Clinical,INDIVIDUAL,No,source
106H00000X,Marriage & Family Therapist,,,INDIVIDUAL,No,source
111N00000X,Chiropractor,,,INDIVIDUAL,No,source
122300000X,Dentist,1223D0001X,Dental Public Health,INDIVIDUAL,No,source
122300000X,Dentist,1223D0004X,Dentist Anesthesiologist,INDIVIDUAL,No,source
122300000X,Dentist,1223E0200X,Endodontics,INDIVIDUAL,No,source
122300000X,Dentist,1223G0001X,General Practice,INDIVIDUAL,No,source
122300000X,Dentist,1223P0106X,Oral and Maxillofacial Pathology,INDIVIDUAL,No,source
122300000X,Dentist,1223P0221X,Pediatric Dentistry,INDIVIDUAL,No,source
122300000X,Dentist,1223P0300X,Periodontics,INDIVIDUAL,No,source
122300000X,Dentist,1223P0700X,Prosthodontics,INDIVIDUAL,No,source
122300000X,Dentist,1223S0112X,Oral and Maxillofacial Surgery,INDIVIDUAL,No,source
122300000X,Dentist,1223X0008X,Oral and Maxillofacial Radiology,INDIVIDUAL,No,source
122300000X,Dentist,1223X0400X,Orthodontics and Dentofacial Orthopedics,INDIVIDUAL,No,source
122300000X,Dentist,1223X2210X,Orofacial Pain Dentist,INDIVIDUAL,No,source
12300,Pathology,207ZB0001X,Blood Banking & Transfusion Medicine,INDIVIDUAL,No,source
12300,Pathology,207ZC0006X,Clinical Pathology,INDIVIDUAL,No,source
12300,Pathology,207ZC0500X,Cytopathology,INDIVIDUAL,No,source
12300,Pathology,207ZD0900X,Dermatopathology,INDIVIDUAL,No,source
12300,Pathology,207ZF0201X,Forensic Pathology,INDIVIDUAL,No,source
12300,Pathology,207ZH0000X,Hematology,INDIVIDUAL,No,source
12300,Pathology,207ZI0100X,Immunopathology,INDIVIDUAL,No,source
12300,Pathology,207ZM0300X,Medical Microbiology,INDIVIDUAL,No,source
12300,Pathology,207ZN0500X,Neuropathology,INDIVIDUAL,No,source
12300,Pathology,207ZP0007X,Molecular Genetic Pathology,INDIVIDUAL,No,source
12300,Pathology,207ZP0101X,Anatomic Pathology,INDIVIDUAL,No,source
12300,Pathology,207ZP0102X,Anatomic Pathology & Clinical Pathology,INDIVIDUAL,No,source
12300,Pathology,207ZP0104X,Chemical Pathology,INDIVIDUAL,No,source
12300,Pathology,207ZP0105X,Clinical Pathology/Laboratory Medicine,INDIVIDUAL,No,source
12300,Pathology,207ZP0213X,Pediatric Pathology,INDIVIDUAL,No,source
12301,Psychiatry & Neurology,2084A0401X,Addiction Medicine,INDIVIDUAL,No,source
12301,Psychiatry & Neurology,2084D0003X,Diagnostic Neuroimaging,INDIVIDUAL,No,source
12301,Psychiatry & Neurology,2084F0202X,Forensic Psychiatry,INDIVIDUAL,No,source
12301,Psychiatry & Neurology,2084N0008X,Neuromuscular Medicine,INDIVIDUAL,No,source
12301,Psychiatry & Neurology,2084N0400X,Neurology,INDIVIDUAL,No,source
12301,Psychiatry & Neurology,2084N0402X,Neurology with Special Qualifications in Child Neurology,INDIVIDUAL,No,source
12301,Psychiatry & Neurology,2084N0600X,Clinical Neurophysiology,INDIVIDUAL,No,source
12301,Psychiatry & Neurology,2084P0005X,Neurodevelopmental Disabilities,INDIVIDUAL,No,source
12301,Psychiatry & Neurology,2084P0015X,Psychosomatic Medicine,INDIVIDUAL,No,source
12301,Psychiatry & Neurology,2084P0800X,Psychiatry,INDIVIDUAL,No,source
12301,Psychiatry & Neurology,2084P0802X,Addiction Psychiatry,INDIVIDUAL,No,source
12301,Psychiatry & Neurology,2084P0804X,Child & Adolescent Psychiatry,INDIVIDUAL,No,source
12301,Psychiatry & Neurology,2084P0805X,Geriatric Psychiatry,INDIVIDUAL,No,source
12301,Psychiatry & Neurology,2084S0012X,Sleep Medicine,INDIVIDUAL,No,source
12301,Psychiatry & Neurology,2084V0102X,Vascular Neurology,INDIVIDUAL,No,source
12302,Radiology,2085B0100X,Body Imaging,INDIVIDUAL,No,source
12302,Radiology,2085D0003X,Diagnostic Neuroimaging,INDIVIDUAL,No,source
12302,Radiology,2085N0700X,Neuroradiology,INDIVIDUAL,No,source
12302,Radiology,2085N0904X,Nuclear Radiology,INDIVIDUAL,No,source
12302,Radiology,2085P0229X,Pediatric Radiology,INDIVIDUAL,No,source
12302,Radiology,2085R0001X,Radiation Oncology,INDIVIDUAL,No,source
12302,Radiology,2085R0202X,Diagnostic Radiology,INDIVIDUAL,No,source
12302,Radiology,2085R0203X,Therapeutic Radiology,INDIVIDUAL,No,source
12302,Radiology,2085R0204X,Vascular & Interventional Radiology,INDIVIDUAL,No,source
12302,Radiology,2085R0205X,Radiological Physics,INDIVIDUAL,No,source
12302,Radiology,2085U0001X,Diagnostic Ultrasound,INDIVIDUAL,No,source
125Q00000X,Oral Medicinist,,,INDIVIDUAL,No,source
133N00000X,NUTRITIONIST,,,INDIVIDUAL,No,source
133V00000X,REGISTERED DIETICIAN,,,INDIVIDUAL,No,source
133V00000X,REGISTERED DIETICIAN,133VN1004X,PEDIATRIC NUTRITION,INDIVIDUAL,No,source
133V00000X,REGISTERED DIETICIAN,133VN1005X,RENAL NUTRITION,INDIVIDUAL,No,source
133V00000X,REGISTERED DIETICIAN,133VN1101X,GERONTOLOGICAL NUTRITION,INDIVIDUAL,No,source
133V00000X,REGISTERED DIETICIAN,133VN1201X,OBESITY & WEIGHT MANAGEMENT NUTRITION,INDIVIDUAL,No,source
133V00000X,REGISTERED DIETICIAN,133VN1301X,ONCOLOGY NUTRITION,INDIVIDUAL,No,source
133V00000X,REGISTERED DIETICIAN,133VN1401X,PEDIATRIC CRITICAL CARE NUTRITION,INDIVIDUAL,No,source
133V00000X,REGISTERED DIETICIAN,133VN1501X,SPORTS DIETETICS NUTRITION,INDIVIDUAL,No,source
152W00000X,Optometrist,,,INDIVIDUAL,No,source
156F00000X,Technician/Technologist,156FC0800X,Contact Lens,INDIVIDUAL|ORGANIZATION,No,source
156F00000X,Technician/Technologist,156FC0801X,Contact Lens Fitter,INDIVIDUAL|ORGANIZATION,No,source
156F00000X,Technician/Technologist,156FX1700X,Ocularist,INDIVIDUAL,No,source
156F00000X,Technician/Technologist,156FX1800X,Optician,INDIVIDUAL,No,source
171M00000X,Case Manager / Care Coordinator,,,INDIVIDUAL,No,source
171W00000X,Contractor,171WH0202X,Home Modifications,ATYPICAL ORGANIZATION|ORGANIZATION,No,source
171W00000X,Contractor,171WV0202X,Vehicle Modifications,ATYPICAL ORGANIZATION|ORGANIZATION,No,source
183500000X,Pharmacist,,,INDIVIDUAL,No,source
183500000X,Pharmacist,1835P0018X,Clinical Pharmacist Practitioner,INDIVIDUAL,No,source
193200000X,Multi-Specialty,,,ORGANIZATION,No|Yes,source
193400000X,Single Specialty,,,ORGANIZATION,No|Yes,source
207K00000X,Allergy & Immunology,,,INDIVIDUAL,No,source
207K00000X,Allergy & Immunology,207KA0200X,Allergy,INDIVIDUAL,No,source
207K00000X,Allergy & Immunology,207KI0005X,Clinical & Laboratory Immunology,INDIVIDUAL,No,source
207L00000X,Anesthesiology,,,INDIVIDUAL,No,source
207L00000X,Anesthesiology,207LP2900X,Anesthesia pain medicine,INDIVIDUAL,No,source
207N00000X,Dermatology,,,INDIVIDUAL,No,source
207P00000X,Emergency Medicine,,,INDIVIDUAL,No,source
207P00000X,Emergency Medicine,207PT0002X,Medical Toxicology,INDIVIDUAL,No,source
207Q00000X,Family Medicine,,,INDIVIDUAL,No|Yes,source
207R00000X,Internal Medicine,,,INDIVIDUAL,No|Yes,source
207R00000X,Internal Medicine,207RA0000X,Adolescent Medicine,INDIVIDUAL,No|Yes,source
207R00000X,Internal Medicine,207RA0001X,Advanced heart failure and transplant cardiology,INDIVIDUAL,No,source
207R00000X,Internal Medicine,207RA0201X,Allergy & Immunology,INDIVIDUAL,No,source
207R00000X,Internal Medicine,207RA0401X,Addiction Medicine,INDIVIDUAL,No|Yes,source
207R00000X,Internal Medicine,207RB0002X,Bariatric Medicine,INDIVIDUAL,No,source
207R00000X,Internal Medicine,207RC0000X,Cardiovascular Disease,INDIVIDUAL,No,source
207R00000X,Internal Medicine,207RC0001X,Clinical Cardiac Electrophysiology,INDIVIDUAL,No,source
207R00000X,Internal Medicine,207RC0200X,Critical Care Medicine,INDIVIDUAL,No|Yes,source
207R00000X,Internal Medicine,207RE0101X,Endocrinology; Diabetes & Metabolism,INDIVIDUAL,No,source
207R00000X,Internal Medicine,207RG0100X,Gastroenterology,INDIVIDUAL,No,source
207R00000X,Internal Medicine,207RG0300X,Geriatric Medicine,INDIVIDUAL,No|Yes,source
207R00000X,Internal Medicine,207RH0000X,Hematology,INDIVIDUAL,No,source
207R00000X,Internal Medicine,207RH0002X,Hospice and Palliative Medicine,INDIVIDUAL,No,source
207R00000X,Internal Medicine,207RH0003X,Hematology & Oncology,INDIVIDUAL,No,source
207R00000X,Internal Medicine,207RI0001X,Clinical & Laboratory Immunology,INDIVIDUAL,No,source
207R00000X,Internal Medicine,207RI0008X,Hepatology,INDIVIDUAL,No,source
207R00000X,Internal Medicine,207RI0011X,Interventional Cardiology,INDIVIDUAL,No,source
207R00000X,Internal Medicine,207RI0200X,Infectious Disease,INDIVIDUAL,No,source
207R00000X,Internal Medicine,207RM1200X,Magnetic Resonance Imaging (MRI),INDIVIDUAL,No,source
207R00000X,Internal Medicine,207RN0300X,Nephrology,INDIVIDUAL,No,source
207R00000X,Internal Medicine,207RP1001X,Pulmonary Disease,INDIVIDUAL,No,source
207R00000X,Internal Medicine,207RR0500X,Rheumatology,INDIVIDUAL,No,source
207R00000X,Internal Medicine,207RS0010X,Sports Medicine,INDIVIDUAL,No,source
207R00000X,Internal Medicine,207RS0012X,Sleep Medicine,INDIVIDUAL,No,source
207R00000X,Internal Medicine,207RT0003X,Transplant Hepatology,INDIVIDUAL,No,source
207R00000X,Internal Medicine,207RX0202X,Medical Oncology,INDIVIDUAL,No,source
207R00000X,Internal Medicine,207SG0201X,Clinical genetics,INDIVIDUAL,No,source
207T00000X,Neurological Surgery,,,INDIVIDUAL,No,source
207U00000X,Nuclear Medicine,,,INDIVIDUAL,No,source
207U00000X,Nuclear Medicine,207UN0901X,Nuclear Cardiology,INDIVIDUAL,No,source
207U00000X,Nuclear Medicine,207UN0902X,Nuclear Imaging & Therapy,INDIVIDUAL,No,source
207U00000X,Nuclear Medicine,207UN0903X,In Vivo & In Vitro Nuclear Medicine,INDIVIDUAL,No,source
207V00000X,Obstetrics & Gynecology,,,INDIVIDUAL,No|Yes,source
207V00000X,Obstetrics & Gynecology,207VE0102X,Reproductive Endocrinology,INDIVIDUAL,No,source
207V00000X,Obstetrics & Gynecology,207VG0400X,Gynecology,INDIVIDUAL,No|Yes,source
207V00000X,Obstetrics & Gynecology,207VM0101X,Maternal & Fetal Medicine,INDIVIDUAL,No,source
207V00000X,Obstetrics & Gynecology,207VX0000X,Obstetrics,INDIVIDUAL,No|Yes,source
207V00000X,Obstetrics & Gynecology,207VX0201X,Gynecologic Oncology,INDIVIDUAL,No,source
207W00000X,Ophthalmology,,,INDIVIDUAL,No,source
207W00000X,Ophthalmology,207WX0009X,Glaucoma Specialist,INDIVIDUAL,No,source
207W00000X,Ophthalmology,207WX0107X,Retina Specialist,INDIVIDUAL,No,source
207W00000X,Ophthalmology,207WX0108X,Uveitis & Ocular Inflammatory Disease,INDIVIDUAL,No,source
207W00000X,Ophthalmology,207WX0109X,Neuro-Ophthalmology,INDIVIDUAL,No,source
207W00000X,Ophthalmology,207WX0110X,Pediatric Ophthalmology & Strabismus Specialist,INDIVIDUAL,No,source
207W00000X,Ophthalmology,207WX0120X,Cornea & External Diseases Specialist,INDIVIDUAL,No,source
207W00000X,Ophthalmology,207WX0200X,Ophthalmic Plastic & Reconstructive Surgery,INDIVIDUAL,No,source
207X00000X,Orthopaedic Surgery,,,INDIVIDUAL,No,source
207Y00000X,Otolaryngology,,,INDIVIDUAL,No,source
208000000X,Pediatrics,,,INDIVIDUAL,No|Yes,source
208000000X,Pediatrics,2080A0000X,Adolescent Medicine,INDIVIDUAL,No|Yes,source
208000000X,Pediatrics,2080C0008X,Child Abuse Pediatrics,INDIVIDUAL,No|Yes,source
208000000X,Pediatrics,2080H0002X,Hospice and Palliative Medicine,INDIVIDUAL,No,source
208000000X,Pediatrics,2080I0007X,Clinical & Laboratory Immunology,INDIVIDUAL,No,source
208000000X,Pediatrics,2080N0001X,Neonatal-Perinatal Medicine,INDIVIDUAL,No,source
208000000X,Pediatrics,2080P0006X,Developmental û Behavioral Pediatrics,INDIVIDUAL,No,source
208000000X,Pediatrics,2080P0008X,Neurodevelopmental Disabilities,INDIVIDUAL,No,source
208000000X,Pediatrics,2080P0201X,Pediatric Allergy/Immunology,INDIVIDUAL,No,source
208000000X,Pediatrics,2080P0202X,Pediatric Cardiology,INDIVIDUAL,No,source
208000000X,Pediatrics,2080P0203X,Pediatric Critical Care Medicine,INDIVIDUAL,No|Yes,source
208000000X,Pediatrics,2080P0204X,Pediatric Emergency Medicine,INDIVIDUAL,No,source
208000000X,Pediatrics,2080P0205X,Pediatric Endocrinology,INDIVIDUAL,No,source
208000000X,Pediatrics,2080P0206X,Pediatric Gastroenterology,INDIVIDUAL,No,source
208000000X,Pediatrics,2080P0207X,Pediatric Hematology-Oncology,INDIVIDUAL,No,source
208000000X,Pediatrics,2080P0208X,Pediatric Infectious Diseases,INDIVIDUAL,No,source
208000000X,Pediatrics,2080P0210X,Pediatric Nephrology,INDIVIDUAL,No,source
208000000X,Pediatrics,2080P0214X,Pediatric Pulmonology,INDIVIDUAL,No,source
208000000X,Pediatrics,2080P0216X,Pediatric Rheumatology,INDIVIDUAL,No,source
208000000X,Pediatrics,2080S0010X,Sports Medicine,INDIVIDUAL,No,source
208000000X,Pediatrics,2080S0012X,Sleep Medicine,INDIVIDUAL,No,source
208000000X,Pediatrics,2080T0002X,Medical Toxicology,INDIVIDUAL,No,source
208000000X,Pediatrics,2080T0004X,Pediatric Transplant Hepatology,INDIVIDUAL,No,source
208100000X,Physical Medicine & Rehabilitation,,,INDIVIDUAL,No,source
208200000X,Plastic Surgery,,,INDIVIDUAL,No,source
208600000X,Surgery,,,INDIVIDUAL,No,source
208800000X,Urology,,,INDIVIDUAL,No,source
208D00000X,General Practice,,,INDIVIDUAL,No|Yes,source
208M00000X,Hospitalist,,,INDIVIDUAL,No,source
208U00000X,Clinical pharmacology,208VP0014X,Interventional pain medicine,INDIVIDUAL,No,source
213E00000X,Podiatrist,213EP1101X,Primary Podiatric Medicine,INDIVIDUAL,No,source
213E00000X,Podiatrist,213ES0103X,Foot & Ankle Surgery,INDIVIDUAL,No,source
213E00000X,Podiatrist,213ES0131X,Foot Surgery,INDIVIDUAL,No,source
222Z00000X,Orthotist,,,INDIVIDUAL,No,source
224P00000X,Prosthetist,,,INDIVIDUAL,No,source
225000000X,Orthotics/Prosthetics Fitter,,,INDIVIDUAL,No,source
225100000X,Physical Therapist,,,INDIVIDUAL,No,source
225X00000X,Occupational Therapist,,,INDIVIDUAL,No,source
227900000X,Respiratory Therapist; Registered,,,INDIVIDUAL,No,source
229N00000X,Anaplastologist,,,INDIVIDUAL,No,source
231H00000X,Audiologist,,,INDIVIDUAL,No,source
235Z00000X,Speech-Language Pathologist,,,INDIVIDUAL,No,source
237600000X,Audiologist-Hearing Aid Fitter,,,INDIVIDUAL|ORGANIZATION,No,source
237700000X,Hearing Instrument Specialist,,,INDIVIDUAL|ORGANIZATION,No,source
251300000X,Local Education Agency (LEA),,,ORGANIZATION,No,source
251B00000X,Case Management,,,ATYPICAL ORGANIZATION|ORGANIZATION,No,source
251C00000X,Day Training; Developmentally Disabled Services,,,ATYPICAL ORGANIZATION|ORGANIZATION,No,source
251E00000X,Home Health,,,ORGANIZATION,No,source
251F00000X,Home Infusion,,,ORGANIZATION,No,source
251G00000X,Hospice Care; Community Based,,,ORGANIZATION,No,source
251J00000X,Nursing Care,,,ORGANIZATION,No,source
251K00000X,Public Health or Welfare,,,ATYPICAL ORGANIZATION|ORGANIZATION,No,source
251S00000X,Community/Behavioral Health,,,ATYPICAL ORGANIZATION|ORGANIZATION,No,source
251T00000X,Program of All-Inclusive Care for the Elderly (PACE) Provider Organization,,,ORGANIZATION,No,source
252Y00000X,Early Intervention Provider Agency,,,ORGANIZATION,No,source
253J00000X,Foster Care Agency,,,ORGANIZATION,No,source
253Z00000X,In Home Supportive Care,,,ORGANIZATION,No,source
261Q00000X,Clinic/Center,261QA0005X,Ambulatory Family Planning Facility,ORGANIZATION,No,source
261Q00000X,Clinic/Center,261QA0600X,Adult Day Care,ORGANIZATION,No,source
261Q00000X,Clinic/Center,261QA1903X,Ambulatory Surgical,ORGANIZATION,No,source
261Q00000X,Clinic/Center,261QA3000X,Augmentative Communication,ORGANIZATION,No,source
261Q00000X,Clinic/Center,261QB0400X,Birthing,ORGANIZATION,No,source
261Q00000X,Clinic/Center,261QC1500X,Community Health,ORGANIZATION,No|Yes,source
261Q00000X,Clinic/Center,261QD1600X,Developmental Disabilities,ORGANIZATION,No,source
261Q00000X,Clinic/Center,261QE0700X,End-Stage Renal Disease (ESRD) Treatment,ORGANIZATION,No,source
261Q00000X,Clinic/Center,261QF0050X,Family Planning; Non-Surgical,ORGANIZATION,No,source
261Q00000X,Clinic/Center,261QF0400X,Federally Qualified Health Center (FQHC),ORGANIZATION,No|Yes,source
261Q00000X,Clinic/Center,261QH0100X,Health Service,ORGANIZATION,No,source
261Q00000X,Clinic/Center,261QI0500X,Clinic/Center-Infusion Therapy,ORGANIZATION,No,source
261Q00000X,Clinic/Center,261QM0801X,Mental Health (Including Community Mental Health Center),ORGANIZATION,No,source
261Q00000X,Clinic/Center,261QM0850X,Adult Mental Health,ATYPICAL ORGANIZATION|ORGANIZATION,No,source
261Q00000X,Clinic/Center,261QM0855X,Adolescent and Children Mental Health,ATYPICAL ORGANIZATION|ORGANIZATION,No,source
261Q00000X,Clinic/Center,261QP0905X,Public Health; State or Local,ORGANIZATION,No|Yes,source
261Q00000X,Clinic/Center,261QP2300X,Primary Care,ORGANIZATION,No|Yes,source
261Q00000X,Clinic/Center,261QR0405X,Rehabilitation; Substance Use Disorder,ORGANIZATION,No,source
261Q00000X,Clinic/Center,261QR1300X,Rural Health,ORGANIZATION,No|Yes,source
273R00000X,Psychiatric Unit,,,ORGANIZATION,No,source
273Y00000X,Rehabilitation Unit,,,ORGANIZATION,No,source
275N00000X,Medicare Defined Swing Bed Unit,,,ORGANIZATION,No,source
276400000X,Rehabilitation Substance Use Disorder Unit,,,ORGANIZATION,No,source
282N00000X,General Acute Care Hospital,,,ORGANIZATION,No,source
282N00000X,General Acute Care Hospital,282NC0060X,Critical Access,ORGANIZATION,No,source
283Q00000X,Psychiatric Hospital,,,ORGANIZATION,No,source
284300000X,Special Hospital,,,ORGANIZATION,No,source
291U00000X,Clinical Medical Laboratory,,,ORGANIZATION,No,source
293D00000X,Physiological Laboratory,,,ORGANIZATION,No,source
302R00000X,Health Maintenance Organization,,,ATYPICAL ORGANIZATION|CHILDREN AND FAMILIES SPECIALTY PLAN (CFSP)|REGIONAL PHP|STATEWIDE PHP|TAILORED PLAN,No,source
305R00000X,Preferred Provider Organization,,,ATYPICAL ORGANIZATION,No,source
311Z00000X,Custodial Care Facility,311ZA0620X,Adult Care Home,ORGANIZATION,No,source
314000000X,Skilled Nursing Facility,,,ORGANIZATION,No,source
315P00000X,Intermediate Care Facility; Intellectual Disabilities,,,ORGANIZATION,No,source
320800000X,Community Based Residential Treatment Facility; Mental Illness,,,ATYPICAL ORGANIZATION|ORGANIZATION,No,source
320900000X,Community Based Residential Treatment Facility; Mental Retardation and/or Developmental Disabilities,,,ORGANIZATION,No,source
323P00000X,Psychiatric Residential Treatment Facility,,,ORGANIZATION,No,source
324500000X,Substance Abuse Rehab Facility,,,ORGANIZATION,No,source
324500000X,Substance Abuse Rehab Facility,3245S0500X,Child Substance Abuse Rehab Facility,ORGANIZATION,No,source
332B00000X,Durable Medical Equipment & Medical Supplies,,,ATYPICAL ORGANIZATION|ORGANIZATION,No,source
332B00000X,Durable Medical Equipment & Medical Supplies,332BC3200X,Customized Equipment,ORGANIZATION,No,source
332B00000X,Durable Medical Equipment & Medical Supplies,332BD1200X,Dialysis Equipment & Supplies,ORGANIZATION,No,source
332B00000X,Durable Medical Equipment & Medical Supplies,332BN1400X,Nursing Facility Supplies,ORGANIZATION,No,source
332B00000X,Durable Medical Equipment & Medical Supplies,332BP3500X,Parenteral & Enteral Nutrition,ORGANIZATION,No,source
332B00000X,Durable Medical Equipment & Medical Supplies,332BX2000X,Oxygen Equipment & Supplies,ORGANIZATION,No,source
332S00000X,Hearing Aid Equipment,,,ORGANIZATION,No,source
332U00000X,Home Delivered Meals,,,ATYPICAL ORGANIZATION|ORGANIZATION,No,source
333300000X,Emergency Response System Companies,,,ATYPICAL ORGANIZATION|ORGANIZATION,No,source
333600000X,Pharmacy,3336C0002X,Clinic Pharmacy,ORGANIZATION,No,source
333600000X,Pharmacy,3336C0003X,Community/Retail Pharmacy,ORGANIZATION,No,source
333600000X,Pharmacy,3336C0004X,Compounding Pharmacy,ORGANIZATION,No,source
333600000X,Pharmacy,3336H0001X,Home Infusion Therapy Pharmacy,ORGANIZATION,No,source
333600000X,Pharmacy,3336I0012X,Institutional Pharmacy,ORGANIZATION,No,source
333600000X,Pharmacy,3336L0003X,Long Term Care Pharmacy,ORGANIZATION,No,source
333600000X,Pharmacy,3336M0002X,Mail Order Pharmacy,ORGANIZATION,No,source
333600000X,Pharmacy,3336M0003X,Managed Care Organization Pharmacy,ORGANIZATION,No,source
333600000X,Pharmacy,3336N0007X,Nuclear Pharmacy,ORGANIZATION,No,source
333600000X,Pharmacy,3336S0011X,Specialty Pharmacy,ORGANIZATION,No,source
335V00000X,Portable X-Ray Supplier,,,ORGANIZATION,No,source
341600000X,Ambulance,3416A0800X,Air Transport,ORGANIZATION,No,source
341600000X,Ambulance,3416L0300X,Land Transport,ORGANIZATION,No,source
341600000X,Ambulance,3416S0300X,Water Transport,ORGANIZATION,No,source
342000000X,Transportation Network Company,,,ATYPICAL ORGANIZATION|ORGANIZATION,No,source
343800000X,Secured Medical Transport (VAN),,,ATYPICAL ORGANIZATION|ORGANIZATION,No,source
343900000X,Non-emergency Medical Transport (VAN),,,ATYPICAL ORGANIZATION|ORGANIZATION,No,source
344600000X,Taxi (Non-Emergency Medical Transport - Taxi),,,ATYPICAL ORGANIZATION|ORGANIZATION,No,source
347B00000X,Bus (Non-Emergency Medical Transport - Bus),,,ATYPICAL ORGANIZATION|ORGANIZATION,No,source
347C00000X,Private Vehicle (Non-Emergency Medical Transport - Private Vehicle),,,ATYPICAL ORGANIZATION|ORGANIZATION,No,source
347D00000X,Train (Non-Emergency Medical Transport - Train),,,ATYPICAL ORGANIZATION|ORGANIZATION,No,source
347E00000X,Transportation Broker,,,ATYPICAL ORGANIZATION|ORGANIZATION,No,source
363A00000X,Physician Assistant,,,INDIVIDUAL,No|Yes,source
363L00000X,Nurse Practitioner,,,INDIVIDUAL,No|Yes,source
363L00000X,Nurse Practitioner,363LA2100X,Acute Care,INDIVIDUAL,No|Yes,source
363L00000X,Nurse Practitioner,363LA2200X,Adult Health,INDIVIDUAL,No|Yes,source
363L00000X,Nurse Practitioner,363LC0200X,Critical Care Medicine,INDIVIDUAL,No|Yes,source
363L00000X,Nurse Practitioner,363LC1500X,Community Health,INDIVIDUAL,No|Yes,source
363L00000X,Nurse Practitioner,363LF0000X,Family,INDIVIDUAL,No|Yes,source
363L00000X,Nurse Practitioner,363LG0600X,Gerontology,INDIVIDUAL,No|Yes,source
363L00000X,Nurse Practitioner,363LN0000X,Neonatal,INDIVIDUAL,No,source
363L00000X,Nurse Practitioner,363LN0005X,Neonatal; Critical Care,INDIVIDUAL,No,source
363L00000X,Nurse Practitioner,363LP0200X,Pediatrics,INDIVIDUAL,No|Yes,source
363L00000X,Nurse Practitioner,363LP0222X,Pediatrics; Critical Care,INDIVIDUAL,No|Yes,source
363L00000X,Nurse Practitioner,363LP0808X,Psychiatric/Mental Health,INDIVIDUAL,No,source
363L00000X,Nurse Practitioner,363LP1700X,Perinatal,INDIVIDUAL,No,source
363L00000X,Nurse Practitioner,363LP2300X,Primary Care,INDIVIDUAL,No|Yes,source
363L00000X,Nurse Practitioner,363LS0200X,School,INDIVIDUAL,No|Yes,source
363L00000X,Nurse Practitioner,363LW0102X,Women's Health,INDIVIDUAL,No|Yes,source
363L00000X,Nurse Practitioner,363LX0001X,Obstetrics & Gynecology,INDIVIDUAL,No|Yes,source
363L00000X,Nurse Practitioner,363LX0106X,Occupational Health,INDIVIDUAL,No,source
364S00000X,Clinical Nurse Specialist,364SP0807X,Psychiatric/Mental Health; Child & Adolescent,INDIVIDUAL,No,source
364S00000X,Clinical Nurse Specialist,364SP0808X,Psychiatric/Mental Health,INDIVIDUAL,No,source
364S00000X,Clinical Nurse Specialist,364SP0809X,Psychiatric/Mental Health; Adult,INDIVIDUAL,No,source
364S00000X,Clinical Nurse Specialist,364SP0810X,Psychiatric/Mental Health; Child & Family,INDIVIDUAL,No,source
364S00000X,Clinical Nurse Specialist,364SP0811X,Psychiatric/Mental Health; Chronically III,INDIVIDUAL,No,source
364S00000X,Clinical Nurse Specialist,364SP0812X,Psychiatric/Mental Health; Community,INDIVIDUAL,No,source
364S00000X,Clinical Nurse Specialist,364SP0813X,Psychiatric/Mental Health; Geropsychiatric,INDIVIDUAL,No,source
367500000X,Nurse Anesthetist; Certified Registered,,,INDIVIDUAL,No,source
367A00000X,Advanced Practice Midwife,,,INDIVIDUAL,No|Yes,source
367H00000X,Anesthesiologist Assistant,,,INDIVIDUAL,No,source
385H00000X,Respite Care,,,ORGANIZATION,No,source
385H00000X,Respite Care,385HR2055X,Respite Care; Mental Illness; Child,ATYPICAL ORGANIZATION|ORGANIZATION,No,source
385H00000X,Respite Care,385HR2060X,Respite Care; Mental Retardation and/or Developmental Disabilities,ATYPICAL ORGANIZATION|ORGANIZATION,No,source
390200000X,Student Health Care,,,INDIVIDUAL,No,source
405300000X,Prevention Professional,,,ATYPICAL INDIVIDUAL|INDIVIDUAL,No,source
