provider_type_code,provider_type_name,category,description,source
84,Community Mental Health Agency,Organizational,OhioMHAS-certified agency providing community behavioral health services for mental health conditions. Enrolls as provider type 84 for accessing the mental health benefit. OAC Chapter 5160-27.,BH Provider Manual v1.28
95,Substance Use Disorder Agency,Organizational,OhioMHAS-certified agency providing SUD treatment services. Enrolls as provider type 95 for accessing the substance use disorder benefit. OAC Chapter 5160-27.,BH Provider Manual v1.28
37,Social Worker,Rendering Practitioner,Licensed Social Worker (LSW) or Licensed Independent Social Worker (LISW) licensed by Ohio Counselor, Social Worker, and Marriage & Family Therapist Board under Chapter 4757 ORC.,BH Provider Manual v1.28
42,Counselor (Clinical),Rendering Practitioner,Licensed Professional Counselor (LPC) or Licensed Professional Clinical Counselor (LPCC) licensed by Ohio Counselor, Social Worker, and Marriage & Family Therapist Board under Chapter 4757 ORC.,BH Provider Manual v1.28
47,Counselor (Chemical Dependency),Rendering Practitioner,Licensed Chemical Dependency Counselor II/III (LCDC) or Licensed Independent Chemical Dependency Counselor (LICDC) licensed by Ohio Chemical Dependency Professionals Board under Chapter 4758 ORC.,BH Provider Manual v1.28
52,Counselor Trainee,Rendering Practitioner,Trainee registered with Ohio Counselor, Social Worker, and Marriage & Family Therapist Board seeking licensure as a professional counselor, enrolled in practicum/internship. Requires supervision.,BH Provider Manual v1.28
54,Chemical Dependency Counselor Assistant,Rendering Practitioner,Certified by Ohio Chemical Dependency Professionals Board under Chapter 4758 ORC. Requires direct/general supervision.,BH Provider Manual v1.28
84,Physician,Rendering Practitioner,Physicians licensed by Ohio Medical Board under Chapter 4731 ORC. Authorized to practice general medicine with specialty experience in behavioral health. Classified as Medical Behavioral Health Practitioner (M-BHP).,BH Provider Manual v1.28
96,Peer Recovery Supporter (PRS)/Certified Peer Supporter (CPS),Paraprofessional,Certified by OhioMHAS as adult peer recovery supporter, youth peer supporter, or family peer supporter per OAC 5122-29-15.1. Not licensed by a professional board but specially trained for MH/SUD services.,BH Provider Manual v1.28
QMHS,Qualified Mental Health Specialist,Paraprofessional,Received training/education in mental health competencies, demonstrated competencies in basic mental health skills. Not otherwise designated as providers or supervisors. Not required to perform duties under Ohio professional licensure. OAC 5160-27-01.,BH Provider Manual v1.28
QMHS+3,Qualified Mental Health Specialist +3 Years,Paraprofessional,Same as QMHS with minimum 3 years relevant work experience. Requires attestation letter from organization's credentialing administrator.,BH Provider Manual v1.28
CMS,Care Management Specialist,Paraprofessional,Received training/education in alcohol and drug addiction, abuse, and recovery. Demonstrated competencies in fundamental AOD addiction, abuse, and recovery.,BH Provider Manual v1.28
RN,Registered Nurse,Rendering Practitioner,Licensed by Ohio Board of Nursing under Chapter 4723 ORC. Classified as Medical Behavioral Health Practitioner (M-BHP).,BH Provider Manual v1.28
LPN,Licensed Practical Nurse,Rendering Practitioner,Licensed by Ohio Board of Nursing under Chapter 4723 ORC. Classified as Medical Behavioral Health Practitioner (M-BHP).,BH Provider Manual v1.28
PA,Physician Assistant,Rendering Practitioner,Licensed by Ohio Medical Board under Chapter 4730 ORC. Classified as Medical Behavioral Health Practitioner (M-BHP).,BH Provider Manual v1.28
CNS,Clinical Nurse Specialist,Rendering Practitioner,Licensed by Ohio Board of Nursing under Chapter 4723 ORC. Classified as Medical Behavioral Health Practitioner (M-BHP).,BH Provider Manual v1.28
NP,Nurse Practitioner,Rendering Practitioner,Certified Nurse Practitioner (CNP) licensed by Ohio Board of Nursing under Chapter 4723 ORC. Classified as Medical Behavioral Health Practitioner (M-BHP).,BH Provider Manual v1.28
Pharmacist,Pharmacist,Rendering Practitioner,Licensed by Ohio Board of Pharmacy per OAC 5160-8-52. Classified as Medical Behavioral Health Practitioner (M-BHP).,BH Provider Manual v1.28
Psychologist,Psychologist,Rendering Practitioner,Licensed by Ohio Board of Psychology under Chapter 4732 ORC. Classified as Licensed Independent Behavioral Health Practitioner (I-BHP).,BH Provider Manual v1.28
School Psychologist,School Psychologist,Rendering Practitioner,Licensed by Ohio Board of Psychology under Chapter 4732 ORC. Classified as Licensed Independent Behavioral Health Practitioner (I-BHP).,BH Provider Manual v1.28
LPCC,Licensed Professional Clinical Counselor,Rendering Practitioner,Licensed by Ohio Counselor, Social Worker, and Marriage & Family Therapist Board under Chapter 4757 ORC. Classified as Licensed Independent Behavioral Health Practitioner (I-BHP).,BH Provider Manual v1.28
LISW,Licensed Independent Social Worker,Rendering Practitioner,Licensed by Ohio Counselor, Social Worker, and Marriage & Family Therapist Board under Chapter 4757 ORC. Classified as Licensed Independent Behavioral Health Practitioner (I-BHP).,BH Provider Manual v1.28
LIMFT,Licensed Independent Marriage and Family Therapist,Rendering Practitioner,Licensed by Ohio Counselor, Social Worker, and Marriage & Family Therapist Board under Chapter 4757 ORC. Classified as Licensed Independent Behavioral Health Practitioner (I-BHP).,BH Provider Manual v1.28
LICDC,Licensed Independent Chemical Dependency Counselor,Rendering Practitioner,Licensed by Ohio Chemical Dependency Professionals Board under Chapter 4758 ORC. Classified as Licensed Independent Behavioral Health Practitioner (I-BHP).,BH Provider Manual v1.28
LPC,Licensed Professional Counselor,Rendering Practitioner,Licensed by Ohio Counselor, Social Worker, and Marriage & Family Therapist Board under Chapter 4757 ORC. Requires general supervision. Classified as Behavioral Health Practitioner (BHP).,BH Provider Manual v1.28
LSW,Licensed Social Worker,Rendering Practitioner,Licensed by Ohio Counselor, Social Worker, and Marriage & Family Therapist Board under Chapter 4757 ORC. Requires general supervision. Classified as Behavioral Health Practitioner (BHP).,BH Provider Manual v1.28
LMFT,Licensed Marriage and Family Therapist,Rendering Practitioner,Licensed by Ohio Counselor, Social Worker, and Marriage & Family Therapist Board under Chapter 4757 ORC. Requires general supervision. Classified as Behavioral Health Practitioner (BHP).,BH Provider Manual v1.28
LCDC II,Licensed Chemical Dependency Counselor II,Rendering Practitioner,Licensed by Ohio Chemical Dependency Professionals Board under Chapter 4758 ORC. Requires general supervision. Classified as Behavioral Health Practitioner (BHP).,BH Provider Manual v1.28
LCDC III,Licensed Chemical Dependency Counselor III,Rendering Practitioner,Licensed by Ohio Chemical Dependency Professionals Board under Chapter 4758 ORC. Requires general supervision. Classified as Behavioral Health Practitioner (BHP).,BH Provider Manual v1.28
PSY Assistant,Psychology Assistant/Intern/Trainee,Rendering Practitioner,Working under supervision of a psychologist licensed by Ohio Board of Psychology. Requires direct/general supervision.,BH Provider Manual v1.28
SW Assistant,Social Work Assistant,Rendering Practitioner,Registered with Ohio Counselor, Social Worker, and Marriage & Family Therapist Board under Chapter 4757 ORC. Requires direct/general supervision.,BH Provider Manual v1.28
SW Trainee,Social Work Trainee,Rendering Practitioner,Registered with Ohio Counselor, Social Worker, and Marriage & Family Therapist Board. Completing school-approved field placement under CSWE accredited master's program. Requires direct/general supervision.,BH Provider Manual v1.28
MFT Trainee,Marriage and Family Therapist Trainee,Rendering Practitioner,Student enrolled in MFT practicum/internship in Ohio. Registered with Ohio Counselor, Social Worker, and Marriage & Family Therapist Board. Requires direct/general supervision.,BH Provider Manual v1.28
CDC-A,Chemical Dependency Counselor Assistant,Rendering Practitioner,Certified by Ohio Chemical Dependency Professionals Board under Chapter 4758 ORC. Requires direct/general supervision.,BH Provider Manual v1.28
C-T,Counselor Trainee,Rendering Practitioner,Registered with Ohio Counselor, Social Worker, and Marriage & Family Therapist Board. Seeking licensure as professional counselor, enrolled in practicum/internship. Requires direct/general supervision.,BH Provider Manual v1.28
PRTF,Psychiatric Residential Treatment Facility,Organizational,In-state PRTF providing residential psychiatric treatment services. OAC 5160-59-03.6.,OhioRISE Provider Specialties Guide
Hospital,Hospital,Organizational,Provides inpatient/outpatient hospital services including behavioral health. OAC 5160-2-65/5160-2-75.,OhioRISE Provider Specialties Guide
Professional Medical Group,Professional Medical Group,Organizational,Group practice of medical professionals providing behavioral health services.,OhioRISE Provider Specialties Guide
Waivered Services Organization,Waivered Services Organization,Organizational,Organization providing waiver services including Care Management Entity (CME), DODD community respite, homemaker/personal care services.,OhioRISE Provider Specialties Guide
Waivered Services Individual,Waivered Services Individual,Organizational,Individual providing waiver services including DODD certified informal respite providers, homemaker/personal care services.,OhioRISE Provider Specialties Guide
Non-Agency Personal Care Aid,Non-Agency Personal Care Aid,Organizational,Includes DODD certified informal respite providers, family/natural supports, foster care. Provides DODD homemaker/personal care services.,OhioRISE Provider Specialties Guide
Non-State Operated ICF/IDD,Non-State Operated ICF/IDD,Organizational,Intermediate Care Facility for Individuals with Intellectual Disabilities. Provides residential respite services.,OhioRISE Provider Specialties Guide
Non-Agency RN/LPN,Non-Agency RN/LPN,Rendering Practitioner,RN/LPN not employed by an agency. May add CANS specialty if dually licensed as another behavioral health provider type.,OhioRISE Provider Specialties Guide
Care Management Specialist,Care Management Specialist,Rendering Practitioner,Individual with training in alcohol/drug addiction, abuse, and recovery. Demonstrated competencies in fundamental AOD competencies.,OhioRISE Provider Specialties Guide
Independent BH Practitioner,Independent Behavioral Health Practitioner,Rendering Practitioner,Independent behavioral health practitioner affiliated with CMHA, SUD Agency, or CME per OAC 5160-8-05.,OhioRISE Provider Specialties Guide
